name,city,keywords,description,location,transport,contact,since,timeFromChatelet
CENTRE CULTUREL D'ACHERES,Achères,Education,L'Espace Jean Cocteau propose de nombreuses activités pour tous les âges ainsi que des stages.Le CCA vous propose des activités culturelles et créatives pour enfants et adultes.,"Place Georges Brassens<br/>78260 ACHERES France","RER A / Achères-Ville, Ligne 5 et ligne 24, descendre à la gare Achères Ville","01 39 11 65 77, ccca@orange.fr,",1969,41mins
LE SAX,Achères,Musique,espace musique,"2 rue des Champs, 78260 Achères","RER A direction Cergy-le-Haut, descendre à Achères Ville, 15 min à pied ou bus direction centre ville (place du marché). Noctilien (N150, N151, N152)",01 39 11 86 21 resa.lesax@wanadoo.fr,1991,41mins
LA MUSE EN CIRCUIT,Alfortville,"Musique, Innovation",Centre National de Création Musicale :   Enable artists to develop a project or a specific creative music work by providing the facilities and the technical skills of La Muse en Circuit.,18 rue Marcelin Berthelot Alfortville 94140,M° 7 -  Ecole Vétérinaire de Maisons-Alfort,01 43 78 80 80 info@alamuse.com http://www.alamuse.com/,1982,39mins
LE THÉÂTRE-STUDIO,Alfortville,Spectacle Vivant,Le Théâtre-Studio est engagé dans la représentation d’auteurs contemporains vivants. Directeur Christian Benedetti +une coopération effective avec des réseaux et des pays européens,,M° Ecole Vétérinaire de Maisons-Alfort,,,
CENTRE CULTUREL CHATEAU SARRAN,Antony,Education,"Le Château Sarran offre aux Antoniens un cadre privilégié, en prise directe avec la nature et propice à l’inspiration",12 Rue Prosper Legouté 92160 Antony,,http://www.ville-antony.fr/chateau-sarran 01 40 96 64 40 ou 64 41,2010,44mins
MAISON DES ARTS D'ANTONY,Antony,"Arts Visuels, Education","La Maison des Arts développe une programmation in-situ et hors les murs dans le domaine des arts plastiques, un lieu de pédagogie et d'initiation artistique.",20 rue Velpeau 92160 Antony,RER B - Antony,http://www.ville-antony.fr/maison-des-arts,N/A,29mins
CENTRE ANIS GRAS / LE LIEU DE L'AUTRE,Arcueil,,,,,,,
ESPACE JEAN VILAR,Arcueil,Cinema,Festival Les Ecrans Documentaires.,"L’Espace municipal Jean Vilar<br/>1, rue Paul Signac<br/>94110 ARCUEIL",RER B (zone 3) Arcueil-Cachan / Bus : n°187 (arrêt « Cachan RER ») et n°162 et 184 (arrêt « Cité Jardins »),http://www.lesecransdocumentaires.org http://espace-jean-vilar.com/,2002,27mins
"GALERIE MUNICIPALE JULIO GONZALEZ",Arcueil,Arts Visuels,galerie Art contemporain,"21, Avenue Paul Doumer, 94110, Arcueil",RER B - Laplace,01 46 15 09 75 www.arcueil.fr galerie-gonzalez@mairie-arcueil.fr,1992,30mins
MOVINMOTION (Platform),Arcueil,Innovation,"Movinmotion est une plateforme web dédiée aux professionnels de l'audiovisuel et du spectacle, qui simplifie le recrutement et la gestion administrative des équipes.","44 rue de Cauchy<br/>94 110 Arcueil",RER B - direction Massy-Palaiseau - Arrêt Laplace,06 15 13 23 96  louise@movinmotion.com/www.movinmotion.com,2011,29mins
"1, 2, 3, contez ! Festival",Asnieres,Performance,Festival,"6, Rue Louis Armand, 92600 Asnières",Métro 13 -  Arrêt Gabriel Péri,01 41 11 14 21,2009,
LA SIRA / MAD AGENCY,Asnières,"Arts Visuels, Musique","La SIRA s’inscrit dans l’idée de faire le trait d’union entre Paris et sa banlieue à travers la culture. Collectif d'Artistes. Exposition, Fêtes electro, After parties.","6, Rue Louis Armand, 92600 Asnières",RER C - ‘Les Grésillons’,http://madagency.fr/ contact@madagency.com,2010,53mins
ESPACE FRANTERNITÉ - MAGIC MIRROR,Aubervilliers,Spectacle Vivant,"Festival Aubercail : Come hum, sing, dance and twirl in the tent of the Festival des mots-dits.", 12 rue Madeleine Vionnet - 93300 Aubervilliers,Métro 12 - Front Populaire,http://www.aubercail.fr/infos_resa.php 09 66 90 75 95,2007,39mins
FESTIVAL MUSIQUES DU MONDE,Aubervilliers,Spectacle Vivant,Association entre plusieurs villes autour Paris.,"4 Avenue de la Division Leclerc <br/>93300 Aubervilliers",,"tel. 01 48 36 34 02 <br/>info@villesdesmusiquesdumonde.com Monday to Friday: 10h/18h",1997,33mins
PRINTEMPS MUSICAL,Aubervilliers,Festival,A festival dedicated to the arrival of spring through the patrimonial artform of organ music.,"1 Rue de la Commune de Paris Aubervilliers",RER B - La courneuve-Aubervilliers,http://www.aubervilliers.fr/actu90107.html  01 48 39 52 46 http://culture.aubervilliers.fr/2013/08/08/printemps-musical-2014/,2003,38mins
LABORATOIRES D'AUBERVILLIERS,Aubervilliers,"Education, Innovation","Lieu de recherche et de <br/>création","41, rue Lécuyer<br/>93300 Aubervilliers",Métro 7 - Aubervilliers Pantin (4 chemins),"33(0)1 53 56 15 90<br/>info@leslaboratoires.org www.leslaboratoires.org",2001,32mins
ROZO ARCHITECTURE,Aubervilliers,Architecture (urbanisme),"architecture,urbanism,paysage",2 rue chapon 93330,Mérto 7 - Aubervilliers,info@rozo-archi.com www.rozo-archi.fr/‎,2008,38mins
THÉÂTRE DE LA COMMUNE,Aubervilliers,Spectacle Vivant,,"41 rue Lécuyer, 93300 Aubervilliers",Métro 7 - Aubervilliers Pantin navette gratitute pour retouner a paris.,http://www.theatredelacommune.com/ 0)1.48.33.16.16,1960,34mins
THÉÂTRE EQUESTRE ZINGARO,Aubervilliers,,,,,,,
VILLA MAIS D'ICI,Aubervilliers,,Friche Culturelle de Proximité,77 rue des Cités - 93300 - Aubervilliers,Métro 7 -  Aubervilliers Pantin Quatre Chemins,administration@villamaisdici.org; Tel : 01 41 57 00 89,,
LE CAP,Aulnay-sous-bois,"Musique, Education, Spectacle Vivant","Le Cap, lieu de diffusion entièrement dédié aux musiques actuelles offre à découvrir une programmation éclectique et dynamique à travers la musique, la danse ou encore des spectacles jeunes publics.Le Cap est aussi un laboratoire d'expérimentations musicales,","56 rue Auguste Renoir<br/>93600 Aulnay-sous-Bois",Gare de Villepinte jusqu'a Tennis,"01 48 66 40 38 <br/>lecap@aulnay-sous-bois.com www.aulnay-sous-bois.fr/culture/le-cap",2012,1h01
AUVERS'JAZZ,Auvers-sur-Oise,"Spectacle Vivant, Musique",Festival de Jazz,"Maison de L'Ile<br/>rue Marcel Martin<br/>95430 Auvers sur Oise","RER C - Pontoise. Correspondance à Pontoise direction Persan-Beaumont, arrêt à Auvers sur OIse.",01 34 48 00 10 : info@auversjazz.com http://www.auversjazz.com/,1991,1h04mins
FESTIVAL JAZZ AU FIL DE L'OISE,Auvers-sur-Oise,Musique,Festival de Jazz,"8 D Les Plants Orange<br/>95000 Cergy",RER A - Cergy-Prefecture,"01 34 48 45 03 / 06 37 24 90 34  <br/>infos@jafo95.com http://jafo95.wix.com/",1996,1h07
BABS GALERIE,Bagnolet,Arts Visuels,espace d'exposition artistique,"83, rue Sadi Carnot BAGNOLET",Line 3 - Gallieni,06 52 58 57 42 https://www.facebook.com/Babsgalerie,2013,36mins
FREE ART BUREAU,Bagnolet,"Innovation, Education",a non-profit foundation active in and promoting new practices in open culture.Research / Innovate / Create / Educate.,"Nomade // La Fonderie de l'Image, 83 Avenue Gallieni, 93170 Bagnolet",,info@freeartbureau.org www.freeartbureau.org,2011,35mins
KOSMOPOLITE,Bagnolet,Arts Visuels,Festival international de graffiti,110 rue Sadi Carnot 93170 Bagnolet,,"kosmo10ans@gmail.com, www.kosmo-art-tour.com/fr/paris.html",2002,35mins
THEATRE L'ECHANGEUR,Bagnolet,Spectacle vivant,"un laboratoire où les artistes disposent de temps pour chercher, expérimenter et inventer sans obligation de production.","59, avenue du Général de Gaulle<br/>93170 BAGNOLET","Métro 3 : Gallieni BUS 76, 102, 318 / Gll de Gaulle Vélib : rue du Château à 50m",http://www.lechangeur.org/ 01.43.62.71.20 info@lechangeur.org,1994,34mins
CLINQUE DES ARTS BIS,Bagnolet,Arts Visuels,"La Clinique des Arts Bis est une plate-forme pluridisciplinaire de créations et de diffusion artistique. La programmation est libre, et nous soutenons des projets personnels et collectifs dans tous les domaines artistiques.","60 avenue Gambetta<br/>93170 Bagnolet",Metro 3 : Gallieni,"07 61 43 36 41<br/>lacliniquedesartsbis@yahoo.fr",N/A,30mins
CAMPUS FONDERIE DE L'IMAGE,Bagnolet,"Education, Design, Arts Visuels, Innovation",A space to be trained for a career in visual communications and multimedia learning,"80 rue Jules Ferry<br/>93170 Bagnolet",Métro 3 : Gallieni,http://www.campusfonderiedelimage.org/ contact@campusfonderiedelimage.org,1991,28mins
CANAL 93,Bobigny,"Musique, Education","Canal 93 est une salle dédiée aux Musiques Actuelles.(salle de spectacle, studio de repetition et danse,","63, avenue Jean Jaurès 93000 Bobigny","Métro 5 : Pablo Picasso Tram T1 : Libération.  Bus 301 : Louise Michel, Bus 322 : Jean Jaurès , Bus 147 : La Folie Bus Nuit N13 et N45",http://www.canal93.net/,,1h01mins MC93,Bobigny,"Spectacle Vivant, Musique","Notre projet, c’est de rendre le monde visible, depuis la scène.",9 boulevard Lénine BP 71 / 93000 Bobigny,"Metro 5 : Bobigny-Pablo-Picasso Tram T1 : Hôtel de Ville de Bobigny",http://www.mc93.com/ contact@mc93.com 01 01 41 60 72 60,1980,55mins
UNIVERSITÉ PARIS 13,Bobigny,Education,Ecole pour les jeux vidéo,"1, rue de Chablis<br/>93017 Bobigny",Tram 1 : Drancy Avenir,"Tél. : 01 48 38 73 29<br/>src.iutbuniv@paris13.fr",2009,
GALLERIA CONTINUA,Boissy-le-Châtel,Arts Visuels,dédié à la création contemporaine,"46 rue de la Ferté Gaucher<br/>77169 Boissy-le-Châtel","Train from Gare de l’Est to Coulommiers.Then bus exiting the station towards la Ferté Gaucher, stop : Moulin de Boissy / Chailly-Boissy-le-Châtel.","Tel. +33(0)1.64.203950<br/>lemoulin@galleriacontinua.fr http://www.galleriacontinua.com/",2007,2hours
AU COMTE,Boulogne-Billancourt,Fooding,Specializing in fine french cuisine.,"9, av Jean-Baptiste Clément, 92100, Boulogne-Billancourt",Métro 10 : Boulogne-Jean-Jaures,01 46 03 47 27 http://aucomte.fr/ contact@aucomte.fr,n/a,40mins
BBMIX,Boulogne-Billancourt,Musique,secouer l’Ouest parisien avec sa programmation transversale et toujours surprenante.,"Carré Belle-Feuille<br/>60 rue de la Belle-Feuille<br/>92100 Boulogne Billancourt",Métro 9 : Marcel Sembat,http://bbmix.org/ bbmix@mairie-boulogne-billancourt.fr,2005,37mins
CAFE DES ARTS,Boulogne-Billancourt,"Arts Visuels, Fooding",A gallery space which also functions as a cafe.,"7, ront point Rhin et Danube, 92100 Boulogne-Billancourt",Métro 10 : Pont de Saint-Cloud / Tram (T2) : Parc de Saint-Cloud,01 46 05 18 20 http://www.cafe-desarts.com/,n/a,34mins
CAP SEGUIN,Boulogne-Billancourt,Fooding,Inventive cuisine dishes that continuously change depending on the market.,"Face au 24/26, quai Alphonse Le Gallo - Boulogne-Billancourt",Metro 10 : Boulogne Pont de Saint-Cloud,http://capseguin.com/,1993,44mins
CAPTIVE STUDIOS,Boulogne-Billancourt,Innovation,Prestataire pour les jeux vidéo,"90 rue d’Aguesseau<br/>92100 Boulogne-Billancourt",Line 10 : Boulogne Jean Jaures,"contact@captive-studio.com<br/>http://www.captive-studio.com/",2009,38mins
CIRQUE EN CHANTIER,Boulogne-Billancourt,"Spectacle Vivant, Education",cirque,"Ile Seguin BP 70030<br/>92100 Boulogne-Billancourt","Metro 9 : Pont de Sèvres, Billancourt, Marcel Sembat ou Porte de Saint-Cloud; Metro 10 : Pont de Saint-Cloud","http://cirqueenchantier.com/ Tel : 09 66 93 65 97<br/>administration@cirqueenchantier.com",2011,44mins
ESPACE LANDOWSKI (LES ATELIERS D’ARTS PLASTIQUES),Boulogne-Billancourt,"Cinema,  Arts Visuels",centre culturelle,"28, Avenue André Morizet, Boulogne 92100",Metro 9 : Marcel Sembat,,1951,41mins
FONDATION LOUIS VUITTON,Boulogne-Billancourt,Arts Visuels,A culture and art center which is built by Fondation Louis Vuitton to encourage the promotion of art.,"Bois de Boulogne/Jardin d'acclimatation Bois de Boulogne, 75116 Paris",Métro 1 : Les Sablons (Jardin d'acclimatation),info@fondationlouisvuitton.fr,2008,26mins
GALERIE MONDAPART,Boulogne-Billancourt,Arts Visuels,"la galerie MondapArt s'adresse aux collectionneurs, amateurs d'art et aux personnes désireuses d'aller à la rencontre de l'art vivant.","80 rue du Château <br/>92100 Boulogne Billancourt",Metro 10 : Boulougne Jean Jaurès,contact@mondapart.com  09 52 77 76 41,2007,37mins
L'HUMOUR EN CAPITALES,Boulogne-Billancourt,Spectacle Vivant,Festival,"86, rue Thiers 92100 Boulogne Billancourt",N/A,www.humourencapitales.com,2006,39mins
LE CARRE BELLE-FEUILLE,Boulogne-Billancourt,Spectacle Vivant,lieu de spectacles,"60, Rue de la Belle Feuille, 92100, Boulogne-Billancourt",Métro 9 : Marcel Sembat,01 55 18 54 00 www.boulognebillancourt.fr,2008,38mins R4,Boulogne-Billancourt,Arts Visuels,communauté vivante de l’art»,"1 place Paul Verlaine <br/>92100 Boulogne-Billancourt",Metro 9 : Pont de Sèvres,http://www.r4-ileseguin.com contact@r4-ileseguin.com,,41mins
THEATRE & VIE,Boulogne-Billancourt,"Spectacle Vivant, Education",theatre,"4, Square de l'Avre   92100  Adresse des cours : 11, rue de Clamart à Boulogne-Billancourt",RER C- Issy- Val de seine ou ligne 9 Marcel Sambat,01 46 20 01 07  -  06 80 07 18 15 theatretvie@free.fr,1995,42mins
VOZ'IMAGE,Boulogne-Billancourt,Arts Visuels,gallerie photographie,4 avenue du Maréchal Juin 92100 Boulogne Billancourt,"Métro 9 : Boulogne-Jean Jaurès<br/>Bus 52 : arrêt Rue Pasteur<br/>Bus 72 : arrêt Victor Hugo; Station vélib : 55 boulevard Jean Jaurès",01 41 31 40 55 http://www.vozgalerie.com/,2011,41mins
AU SUD DU NORD,Bouray-sur-Juine,"Spectacle Vivant,  Musique",organisation de concerts / festival et programmation,"55, rue Haute 91850 Bouray-sur-Juine","RER C--->Saint-Martin d'Etampes->Gare de Lardy<br/>direction La Montagne<br/>jusqu’à Renault",09 51 56 98 83 http://www.ausuddunord.fr http://www.facebook.com/ausuddunord,1994,1 h 29 min
CAC-BRÉTIGNY,Bretigny sur Orge,Arts Visuels,Centre d’art contemporain,"Espace Jules Verne, Rue Henri Douard 91220 Brétigny sur Orge",RER C Brétigny sur orge,info@cacbretigny.com(33) 01 60 85 20 76 www.cacbretigny.com/,,39mins
THEATRE DES OISEAUX,Buchelay,Spectacle Vivant,"Production et création de nombreux spectacles avec des artistes comédiens, musiciens, circassiens et danseurs.",Maison du village – Place Jules Trolliard – 78200 Buchelay,Train- Gare de buchelay,http://theatredesoiseaux.fr/ 01 30 94 51 64 theatredesoiseaux@wanadoo.fr,1994,1h17mins
CHATEAU VANDERBILT,Carrières-sous-Poissy,Innovation,"Artists in residence from various disciplines involving digital creation, networking amongst cultural actors and reviving the local territory and social fabric.","Rue Des Frères-tissier, CarriÈres-sous-poissy 78955",RER A :  Poissy,01 40 34 02 48,2014,42mins
ECOLE NATIONALE SUPERIEURE D'ARTS DE PARIS CERGY,Cergy,"Education, Arts Visuels",L'une des deux plus importante école d'Art du Grand Paris.,"2 Rue des Italiens, 95800 Cergy",RER A : Cergy Prefrecture,"http://www.ensapc.fr/ (0)1 30 30 54 44, accueil@ensapc.fr",1975,52mins
LE CARREAU,Cergy,Arts Visuels,"Lieu culturel, espace des arts visuels de la ville de Cergy","Avenue des Trois Fontaines<br/>Parking du Marché Neuf (rue aux Herbes)<br/>95 000 Cergy", RER A ou train SNCF (Saint-Lazare) : Cergy Préfecture,"Téléphone : 01 34 33 45 45<br/>E-mail : LeCarreau@ville-cergy.fr  http://www.ville-cergy.fr/culture-loisirs/lieux-culturels-et-de-spectacles/arts-visuels-le-carreau/",,1h03
VISAGES DU MONDE CERGY,Cergy,"Spectacle Vivant, Innovation","Nouveau lieu multi-fonctions sur Cergy le Haut, dédié aux arts urbains (danses actuelles), au multimédia et aux arts numériques.","10, Place du Nautilus, 95800, Cergy",RER A : Cergy Le Haut,01 34 33 47 50 benoit.boutinot@ville-cergy.fr http://www.ville-cergy.fr/culture-loisirs/lieux-culturels-et-de-spectacles/arts-numeriques-visages-du-monde/,2013,1h01
VIVA VELO,Cesson,Festival sustainable development,Discover how to keep in shape and also commute without polluting the environment.,"Avenue de la Zibeline<br/>77240 Cesson",RER D : Cesson,http://www.vivavelo.fr/ vivavelo2013@gmail.com,n/a,1h19mins
DOMAINE DE CHAMARANDE,Chamarande,"Arts Visuels, Education",un centre artistique et culturel,"38, rue du Commandant Arnoux<br/>91730 Chamarande","RER C : Chamarande, à 200m du Domaine",01 60 82 52 01 chamarande.essonne.fr/categorie/domaine/,2001,1h
LEXIS NUMERIQUE,Champs sur Marne,Education,Ecole pour les jeux vidéo,7 Rue Albert Einstein 77420 Champs-sur-Marne,RER A : Noisy Champs,"01 64 68 58 30 infolexis@numerique.fr<br/>http://www.lexis-numerique.fr",1990,45mins
DIGITAL PRODUCTIONS,Chatenay Malabry,Innovation,Editeur de jeux vidéo,"121, avenue de la division Leclerc<br/>92290 Châtenay-Malabry",RER B : La Croix de berny,"contact@digital-coproductions.com<br/>http://www.digital-coproductions.com/",2009,N/A
INCIDENT,Chatenay Malabry,Innovation,Experimental platform dedicated to net-art and digital arts.,78 rue Anatole France Chatenay-Malabry,RER B : Robinson,incident@incident.net 01 43 50 48 93 http://incident.net/,1994,44mins
ECOLE CENTRALE PARIS,Chatenay Malabry,Education,"Nuit des Troubadours, A festival showcasing musicians,street performers and street artists a part of Paris Centrale.","2 avenue Sully Prud'homme<br/>92290 Chatenay-Malabry",RER B : Croix de Berny (10 minutes à pied),"contact@nuitdestroubadours.com<br/>programmation@nuitdestroubadours.com www.nuitdestroubadours.com/",1994,28mins
CNEAI,Chatou,"Arts Visuels, Edition",dédié à l’œuvre média,"Ile des Impressionnistes  2 Rue du Bac, 78400 Chatou","RER A : Rueil-Malmaison<br/>sortir rue des 2 gares<br/>traverser le pont en direction de Chatou<br/>descendre à droite sur l'île des impressionnistes","33 (0) 139524535  <br/>cneai@cneai.com www.cneai.com/",1997,40mins
INFINIT GAME,Chaville,Innovation,Studio de jeux vidéo,"10, rue du Professeur Roux<br/>92370 Chaville",SNCF L- Chaville rive droite,"contact@serialscreener.com<br/>www.infinitgame.com",2011,53mins
BATTLE PRO,Chelles,Spectacle Vivant,50 danseurs s’affronteront au travers de différentes catégories dans un seul but : la Victoire. Plein feux sur la Line-Up !,"Complexe Sportif Maurice BaquetAvenue de l'Europe<br/>77500 Chelles, Ile-De-France, France<br/>Closed until Saturday 1:00 pm - 8:00 pm","RER E : Chelles Gournay<br/>Navette gratuite de la gare de Chelles au Gymnase de l'évènement (Maurice Baquet)","ontact@battle-pro.com<br/>Infoline : 01.64.21.24.64 www.battle-pro.com",1999,45mins
COSA NOSTRA,Chelles,Education,an indoor skate park,"18 rue du Tir<br/>77500<br/>Chelles<br/>France","RER E : Gare de Chelles<br/>- SNCF Gare de l'Est : Chelles/Gournay.<br/>- Bus : A la gare de Chelles, ligne de bus B ou bus R.A.T.P N°613 / Arrêt "" les 4 routes "".",01 64 72 14 04 http://www.cosanostraskatepark.net/,1999,32mins
LES EGLISES CENTRE D'ART CONTEMPORAIN,Chelles,Arts Visuels,entre d’art contemporain,"1 Rue Louis Eterlet, 77500 Chelles",navette accessible du bastille pour les vernissages,"33 (0)1 64 72 65 70 <br/>leseglises@chelles.fr http://leseglises.chelles.fr/",,44mins
EKO SYSTEM,Choisy-le-Roi,Education,Studio de jeux vidéo,"16, avenue Jean-Jaurès<br/>94600 Choisy le roi",RER C : Choisy le roi,"contact@ekosystem.com<br/>http://www.ekosystem.com/",1999,32mins
LE CENTRE D'ART ALBERT CHANOT,Clamart,"Spectacle Vivant, Arts Visuels",centre d'art,"33, rue Brissard<br/>92140 Clamart","7 min de la gare Paris-Montparnasse, arrêt Clamart<br/>10 min du métro Corentin Celton par le bus 189, arrêt Hebert<br/>10 min du périphérique par les portes de Versailles, Vanves et Brancion",01 47 36 05 89 entreartchanot@clamart.fr http://www.centrealbertchanot.com/,1980,48mins
LA ROMANTICA,Clichy,Food,Italain cuisine,"73, boulevard Jean Jaurès - Clichy",Line 12: Mairie de clichy,reservation@laromantica.fr  01 47 37 29 71,1990,30mins
PAVILLON VENDÔME CENTRE D'ART CONTEMPORAIN,Clichy,Arts Visuels,Galerie d'Art Contemporain. Commissariat d'exposition exigeant.,7 rue du Landy 92110 CLICHY,"Metro 13 : Mairie de Clichy, bus 54, 74, 138, 174, 274, 341, 340",http://www.ville-clichy.fr/382-le-pavillon-vendome-centre-d-art-contemporain.htm,,26mins
LE THÉÂTRE RUTEBEUF,Clichy,"Spectacle Vivant, Cinema",Le Rutebeuf est devenu une institution pluriculturelle incontournable et son aura s’étend de plus en plus au-delà de Clichy.,"18 Allée Léon Gambetta, 92110 Clichy",Metro 13 : Mairie de Clichy,01 47 15 98 50 http://www.ville-clichy.fr/275-le-theatre-rutebeuf.htm,1990,30mins
PAVILLON VENDOME- CENTRE D'ART CONTEMPORAIN DE CLICHY-LA-GARENNE,Clichy,"Arts Visuels, Cinema, Spectacle Vivant, Musique","créateur de lien social dédié au soutien des pratiques artistiques <br/>amateurs, au dialogue entre les cultures et les générations avec une programmation variée et gratuite.","3, Rue Du Docteur Calmette, Clichy-la-garenne 92110",ligne 13 : Mairie de Clichy,"Site : www.ville-clichy.fr/index.php?Rub=404<br/>Mail : espace-miller@ville-clichy.fr",n/a,24mins
COULEE VERTE,Colombes,Promenade,Cette promenade longue de 850m avec deux partie distincte,"La Coulée Verte, 107 bis rue des Monts Clairs",Train SNCF J (St.Lazare direction Ermont Eaubonne) : Colombes,couleeverte@mairie-colombes.fr ou 01 47 84 91 61 http://www.colombes.fr/espaces-verts/la-coulee-verte-un-espace-naturel-unique-374.html,N/A,39mins
GENIOUS,Colombes,Innovation,"Research,developments in new technologies<br/>Infrastructure and Production Expertise<br/>Automation and Computer Technology","6 à 20, avenue de l'Agent Sarre - 92700 Colombes",SNCF J : Colombes,http://www.genious.com/ 01 79 62 60 60 contact@genious.com,1983,35mins
LE CARRE DES CREATEUR,Colombes,"Education, Arts Visuels","Une association artistique et aussi Un espace d'expression Des expositions, ateliers, stages pour adultes et enfants","52, rue Denis Papin 92700 Colombes",SNCF Ligne 45 depuis Pont Cardinet (direction Nanterre-Universite) : Les Vallees,http://carredescreateur.canalblog.com/,n/a,42mins
THEATRE SIMONE SIGNORET,Conflans Sainte Honorine,"Spectacle Vivant, Musique","entre octobre et mai, des spectacles, des rencontres, des ateliers qui forment un parcours invitant au voyage et à la découverte dans un espace convivial.","12 place Auguste Romagné<br/>78700 CONFLANS-SAINTE-HONORINE",Conflans-Fin d'Oise,http://www.theatresimonesignoret.fr/ theatre.signoret@wanadoo.fr  01 34 90 90 90,n/a,41mins
JAZZ AU CONFLUENT,Conflans Ste Honorine,Musique,lieu du musique,"15 rue de loge Mathieu<br/>78700 CONFLANS STE HONORINE","Train SNCF J (gare Saint-Lazare<br/>direction Mantes-la-Jolie) : Conflans-Sainte-Honorine","Comité de programmation: <br/>fell.alan@wanadoo.fr",2002,1h08mins
ESPACE CARPEAUX,Courbevoie,"Cinema, Spectacle Vivant, Musique",espace multi-disciplinaire,15 boulevard Aristide Briand 92400 Courbevoie,"Bus : 275, 278, 163 et 164, arrêt Paix/Verdun<br/>Gares SNCF : Courbevoie ou Bécon-Les-Bruyères<br/>Métro 1, RER  A : Grande Arche de La Défense, puis bus.",01 46 67 70 00 http://www.sortiracourbevoie.com/Plan-acces/Espace-Carpeaux/1,n/a,42 min
IIM - INSTITUT DE L'INTERNET ET DU MULTIMEDIA,Courbevoie,"Education, Innovation",Ecole pour les jeux vidéo,"12 Avenue Léonard de Vinci, 92400 Courbevoie",Line 1- La Defense,"iim@devinci.fr<br/>http://www.iim.fr",1995,32mins
MAISON DES JONGLAGES,Courbevoie,Festival,A collection of artists and shows from all around the world,"Centre culturel Jean Houdremont<br/>11 Av Du Gal Leclerc - 93120 La Courneuve",RER B : Courneuve- Aubervilliers,"http://www.maisondesjonglages.fr/ 01.49.92.60.54<br/>infos.maison.jonglages@gmail.com",2008,30mins
L’ECOUTILLE,Courtry,"Musique, Cinema",lieu dediée au jazz,"97, rue Charles Van Wyngène<br/>77181 Courtry","SNCF P depuis Gare de l'Est<br/>direction Meaux<br/>jusqu’à Chelles Gournay","01 60 08 38 48 / 06 10 83 87 51<br/>Mail : lecoutille@lecoutille.com",2006,1 h 34 min
MAISON DES ARTS DE CRETEIL,Creteil,"Spectacle Vivant, Musique, Arts Visuels","theatre, dance, music and digital art. Festival NEMO, EXIT, de Film de Femmes, etc.","Place Salvador Allende<br/>Créteil<br/>94000",Métro 8 : Créteil - Préfecture Parking gratuit Hôtel de Ville en contrebas du théâtre,http://www.maccreteil.com/ 01 45 13 19 19 Communication 01 45 13 19 05,N/A,47mins
CENTRE DES ARTS D'ENGHIEN,Enghien,"Spectacle Vivant, Musique, Arts Visuels, Education",Véritable hub créatif transdisciplinaire autour des cultures digitales. Festival des Bains Numériques,12-16 rue de la Libération 95880,"Bus : 154, 256 De Paris Gare du Nord, Ligne H direction Pontoise ou Valmondois (15 min)<br/>De Pontoise, Ligne H direction Paris Gare du Nord (20 min)",01.30.10.85.59 www.cda95.fr,,39mins
LES FÊTES DE L'HIVER,Epinay Senart,Festival,"A festival dedicated to clowns and mimes with two plays ""The Wonderful Escape"" and Imagine Yourself.","Salle Georges Pompidou Rue De Rocheau, 91860 Epinay Sous Senart",RER D : Brunoy,http://www.ville-epinay-senart.fr 01.60.47.85.80,N/A,1h04mins
MUSIQUES AU COMPTOIR,Fontenay-sous-Bois,"Spectacle Vivant, Musique",lieu des concerts,"95 rue Roublot<br/>94120 Fontenay-sous-Bois","Métro 1 : Chateau de Vincennes<br/>puis BUS 118 depuis Avenue du Chateau, direction Van Derheyden<br/>jusqu’à Les Rigollots / RER A : Fontenay-sous-Bois, sortie Bd de Vincennes, Prendre la rue Emile Roux, puis la rue Dalayrac à gauche et la rue Roublot à droite","01 48 75 64 31 - 06 71 26 00 95 <br/>contact@musiquesaucomptoir.fr  http://www.musiquesaucomptoir.fr/infos.php",2001,38 min
ECOLE MUNICIPALE DES BEAUX ARTS / GALERIE EDOUARD MANET,Gennevilliers,"Arts Visuels, Education",Galerie d'Art Contemporain combinée à une école d'art contemporain. Commissariat d'exposition exigeant.,3 Place Jean Grandel 92230 Gennevilliers,Métro 13 : Gabriel Péri,01.40.85.67.40 www.ville-gennevilliers.fr embamanet@ville-gennevilliers.fr,1994,41mins
LE TAMANOIR,Gennevilliers,Musique,"scène conventionnée, lieu de musiques actuelles à Gennevilliers",27 avenue Lucette Mazalaigue - 92 230 Gennevilliers,"Métro 13 : Les Courtilles (15 minutes de Saint-Lazare), puis à pied 5 minutes.<br/>RER C : Gennevilliers, puis bus 166 ou 378, arrêt ""Luth"".",http://www.letamanoir.com/,,37mins
THEATRE DE GENNEVILLIERS,Gennevilliers,Spectacle Vivant,"""Art as Experience"" : Théâtre d'avant-garde dirigé par Pascal Rambert, exposition d'art contemporains, rencontres, workhops, café très sympathique.",41 avenue des Grésillons  92230 Gennevilliers,"Direction Asnières-Gennevilliers, station Gabriel Péri. Exit n°1 > then, follow Daniel Buren's arrows",www.theatre2gennevilliers.com +33 (0)1 41 32 26 10,2007,31mins
LE GENERATEUR,Gentilly,Spectacle Vivant,"galerie, espace de spectacle","16, rue Charles Frérot<br/>94250 Gentilly","Tram 3 : Poterne des Peupliers<br/>M° Place d’Italie + Bus 57 arrêt Verdun – Victor Hugo<br/>RER B : Gentilly (ou RER B : Cité U + Tram 3 : Poterne des Peupliers)<br/>Vélib’ (n° 13111, n° 42505)","01 49 86 99 14<br/>contact@legenerateur.com www.legenerateur.com",2006,29mins
MAISON DE LA PHOTOGRAPHIE,Gentilly,Arts Visuels,Centre Culturel et Photographique,"1, rue de la division du Général Leclerc 94250 Gentilly","RER B : Gentilly /<br/>Bus n° 57, n° 125, n° 184,<br/>Bus gratuits de la Communauté d'agglomération de Val de Bièvre.",http://www.maisondelaphotographie-robertdoisneau.fr/ tél : 01 55 01 04 86 - fax : 01 47 40 82 06 - maisondelaphotographie@agglo-valdebievre.fr,n/a,22mins
BIENNALE D'ISSY,Issy les Moulineaux,Arts Visuels,Biennale,"33 rue du Gouverneur Général Eboué <br/>92130 Issy-les-Moulineaux ET16 rue Auguste Gervais 92130 Issy-les-Moulineaux","Métro 12 : Mairie d’Issy<br/>Bus : 123, 126, 169, 189, 190, 289, 290, 323, Tuvim<br/>Tram T2 : Val-de-Seine;| RER C : Val-de-Seine",http://www.biennaledissy.com/ ET http://issy.com/biennale2013,2003,28mins
ESPACE ICARE,Issy les Moulineaux,Education,Lieu culturel,"31, Boulevard Gambetta 92130 Issy les Moulineaux","Métro 12 : Corentin Celton (à 10min de montparnasse); bus 126, 189, 394",infos@espace-icare.com/ Tél : 01 40 93 44 50 - Fax : 01 40 93 46 07 www.espace-icare.net,n/a,26mins
L'ENTREPONT,Issy Les Moulineaux,"Musique, Spectacle Vivant","l’Entrepont permet de développer tout type de projet artistique relatif à la musique, au théâtre, à la danse, à la littérature, au multimédia.","24, chemin de l’Accès à la Gare",RER C : Issy ou Métro 12 : Mairie de Issy,"01 41 46 17 20<br/>E-mail : entrepont@ville-issy.fr<br/>www.facebook.com/entrepont",N/A,30mins
L'ILE,Issy les Moulineaux,Fooding,French cuisine with 100% preparations made on site with a traditional and modern mix.,"170, quai de Stalingrad - Parc de l'Île Saint-Germain - Issy-les-Moulineaux","RER C : Issy Val de Seine<br/>Tram T2 : Issy Val de Seine<br/>Bus 126 et 189 : Parc de l’Ile St Germain",http://www.restaurant-lile.com/ 01 41 09 99 99,1998,45mins
LE CUBE,Issy les Moulineaux,Arts Visuels,"A centre for creation entirely dedicated to digital technology,","20, Cours Saint Vincent 92130 Issy-les-Moulineaux","Tram T2 : Les Moulineaux (sortie 2)<br/>RER C : Issy (sortie ""Allée des Carrières), puis à gauche dans l'avenue de Verdun jusqu'au Cours Saint-Vincent<br/>Vélib’ : Stations n° 21301 et n° 21302",01 58 88 3000 http://www.lecube.com/,2001,39mins
LES ARCHES,Issy les Moulineaux,"Arts Visuels, Education",Les Arches est une association de 30 artistes professionnels,"Boulevard Garibaldi<br/>92130 Issy-les-Moulineaux","RER C : Issy<br/>Tram T2 : JH Lartigue<br/>Métro 12 : Mairie d'Issy<br/>Bus 123 : Gare d'Issy<br/>Vélib : Gare d'Issy",33 (0)1 41 08 75 08 http://www.lesarches.com/,,35mins
RIVER CAFE,Issy les Moulineaux,Fooding,French cuisine with 100% preparations made on site with a traditional and modern mix.,"146, quai de la bataille de Stalingrad - Issy-les-Moulineaux",RER C : Issy-Val de Seine; Tram T2,www.rivercafe.fr contact@rivercafe.fr 01 41 46 19 45,1990,41mins
SCULPTEO,Issy Les Moulineaux,Innovation,We do 3D printing for both individuals and professionals. We develop easy-to-integrate solutions for online retailers wanting to integrate 3D printing and mass customization to their offer.,"89 rue Gouverneur Eboué<br/>92130 Issy-les-Moulineaux - France",Métro 12 : Mairie d'Issy,http://www.sculpteo.com/ +33 1 83 64 11 22,2009,41mins
GALERIE A2Z,Ivry-sur-Seine,Arts Visuels,galerie d'art contemporain spécialisée dans la création contemporaine chinoise. Participe à la foire Art Paris,"28 bis, rue barbès<br/>94200 Ivry-sur-Seine, FRANCE",Métro 7 : Porte d’Ivry ou Pierre Marie Curie / Bus 125 : Jules Ferry / Parking,http://www.a2z-art.com 09 54 03 08 02 Info@a2z-art.com,,28mins
COLLECTIF LA BLANCHISSERIE,Ivry-sur-Seine,"Spectacle Vivant, Arts Visuels",Collectif et espaces dédiés à la création pluridisciplinaire,4/16 impasse Prudhon 94200 Ivry-sur-Seine,"Métro 8 : Liberté + Bus 180 : Maurice Gunsbourg /<br/>Métro 7 : Mairie d’Ivry / RER C : Ivry-sur-Seine + bus 125 ou 323 : Place Gambetta",01 46 70 97 88 ou 09 71 53 21 10 http://www.collectiflablanchisserie.org/ lablanchisserie@gmail.com,1990,35mins
CREDAC,Ivry-sur-Seine,Arts Visuels,"Centre d’art contemporain d'Ivry, jouxtant la Manufacture des Oeuillets.  Commissariat d'exposition exigeant.","29 Rue Raspail, 94200 Ivry-sur-Seine",,"33 (0)1 49 60 25 06<br/>contact@credac.fr http://www.credac.fr/",,33mins
LUXY CINEMA,Ivry-sur-Seine,Cinema,cinema,77 Avenue Georges Gosnat,"Métro 7 : Mairie d'Ivry<br/>RER C : Ivry<br/>(trains Romi ou Mona)",http://luxy.ivry94.fr/contacts/ 01 72 04 64 60 leluxy@ivry94.fr,,25mins
CENTRE ARTISTIQUE EL DUENDE,Ivry-sur-Seine,"Spectacle Vivant, Arts Visuels","Théatre expérimental, rencontres citoyennes, programmation très diverse.","23 Rue Hoche, 94200 Ivry-sur-Seine",Métro 7 - Mairie d'Ivry,01 46 71 52 29 theatre-elduende.com / lesateliersduduende@gmail.com,,
GALERIE RX,Ivry-sur-Seine,Arts Visuels,Lieu d'exposition et de résidence artistique,,,,,
ECOLE PHILIPPE GAULIER,Janville-sur-Juine,"Education, Spectacle Vivant","Ecole internationale du Clown fondée par Philippe Gaulier (mondialement connu pour avoir cassé des milliers d'assiettes), centrée sur le pouvoir libérateur du ""jeu"".","7 rue de Bouray<br/>.Janville-sur-Juine 91510 France",RER C : Landy,33 (0)1 60 82 19 83/33 (0)9  52 11 16 04 Philgaulier@aol.com michikogaulier@gmail.com,1980,1hr23mins
MANDO PRODUCTIONS,Joinville-le-Pont,Innovation,Studio de jeux vidéo,"1, quai Gabriel Péri<br/>ZAC des studios - Bâtiment E<br/>94340 Joinville le Pont",RER A : Joinville le pont,"info@mandoproductions.com<br/>http://www.mandoproductions.com",2010,39mins
ECOLE ET ESPACE D'ART CONTEMPORAIN CAMILLE LAMBERT,Juissy-sur-Orge,"Education, Arts Visuels",d’enseignement artistique et un lieu d’exposition dédié à l’art contemporain.,"35 Avenue de la Terrasse, 91260 Juvisy-sur-Orge",,"01 69 57 82 50<br/>eart.lambert@portesessonne.fr http://www.portesessonne.fr/Sortir-et-decouvrir/Ecole-et-Espace-d-art-contemporain-Camille-Lambert",,41mins
STARTUP 42,Kremlin Bicetre,Innovation,"StartUp42 est un accélérateur de startups tech, gratuit et sans prise de participations.","14 Rue Voltaire, 94276 Kremlin Bicêtre",Metro 7 ou Tram : Porte d'Italie,http://startup42.org/the-accelerator-2/,,25mins
DEUX PIECES CUISINE,La Blanc Mesnil,"Spectacle Vivant, Musique",A space which promotes unique musical programming. Also offers rehearsal space for musicians.,"42, Avenue Paul Vaillant-Couturier, 93150, Le Blanc-Mesnil",RER B : Blanc Mesnil,http://www.deuxpiecescuisine.net/,1994,36mins
LE FORUM,La Blanc Mesnil,"Spectacle Vivant, Musique, Arts Visuels",centre d'art,"1-5, place de la Libération<br/>93150 Blanc-Mesnil","RER B : Drancy <br/>puis bus 148 ou 346 - Arrêt Libération",01 48 14 22 00 http://www.leforumbm.fr/,,52mins
CENTRE CULTUREL JEAN HOUDREMONT,La Courneuve,"Musique, Spectacle Vivant","Le centre culturel élabore chaque saison une programmation pluridisciplinaire, avec une attention particulière pour le jeune public.","11 avenue du Général-Leclerc, 93120 La Courneuve.","RER B : Courneuve-Aubervilliers line 7 arrêt La Courneuve-8 mai 1945, puis Tramway T1 direction Saint-Denis arrêt 6 Routes",,,32mins
FÊTE DE L’HUMANITÉ,La Courneuve,Festival,A music festival organised by L'humanité the newspaper and has been going on since 1930.,"Parc de la Courneuve-55 bis avenue Waldeck Rochet <br/>93 120 La Courneuve","Metro 7 :Aubervillers Pantin - 4 chemins, puis bus 249 direction Dugny arrêt ""Place 16 aout 1943"".",fete.humanite.fr 01 49 22 66 59,1930,1h04mins
ART O CLOCK,La Defense,Arts Visuels,Paris International Art Fair,"Centre of New Industries and Technologies;2 Place de la Défense, 92053 La Défense",Métro 1 : Esplanade de La Défense ou RER A : Grande Arche ,http://www.art-oclock.com/         contact@art-oclock.com,2012,30mins
CNAP (CENTRE NATIONAL DES ART PLASTIQUES),La Defense,Arts Visuels,"Il encourage et soutient la création en France dans tous les domaines des arts visuels... établissement du ministère de la Culture et de la Communication, Le CNAP soutient la recherche et l’innovation artistiques","1 place de la Pyramide<br/>92911 Paris-La Défense<br/>France",RER A-La Defense (Grande Arche),http://www.cnap.fr 0)1 46 93 99 50,1982,26MINS
LA DÉFENSE JAZZ FESTIVAL,La Defense,Musique,a musical festival showcasing world talent and providing free shows,Parvis de la Défense,"Métro ligne 1, station La Défense – Grande Arche<br/>RER ligne A, station La Défense – Grande Arche","01 47 29 30 48<br/>ladefensejazz@cg92.fr http://ladefensejazzfestival.hauts-de-seine.net/",1977,26mins
ESPACE CHARLES VANEL,Lagny-Sur-Marne,"Spectacle Vivant, Musique",Centre Culturel,"22, Boulevard Du Maréchal Gallieni, Lagny Sur Marne 77400","depuis Chatelet<br/>direction Porte de Clignancourt<br/>jusqu’à Gare de l'Est (Verdun) depuis Gare de l'Est<br/>direction Meaux<br/>jusqu’à Lagny-Thorigny depuis Lagny Sncf<br/>direction Bussy RER<br/>jusqu’à Foch",espace-charles-vanel@lagny-sur-marne.fr 01 64 12 47 50,,51 min
LARRY GAGOSIAN,Le Bourget,Arts Visuels,"galerie d'art contemporain d'envergure internationale (New York, Londres, Athène, etc.)",800 avenue de l'europe 93350 le bourget,"No 152 from Porte de la Villette No 350 from Gare de l’Est or Gare du Nord RER B—exit at Le Bourget<br/>Take bus no 152 from Jean Jaurès Division Leclerc",01.48.16.16.47 www.gagosian.com p,2012,27mins + bus ride
WEATHER FESTIVAL,"Le Bourget, Bobigny, Montreuil, Paris",Spectacle Vivant,techno-house festival,n/A,various locations,info@weatherfestival.fr,N/A,
ESPACE CULTUREL ANDRÉ MALRAUX,Le Kremlin-Bicêtre,Spectacle Vivant,festival du musique; Festival Val de Marnes,"2, place Victor Hugo, 94270 Le Kremelin-Bicêtre",Metro 7 : Le Kremlin-Bicêtre,TÉL : 01 49 60 69 42 www.festivaldemarne.org festivaldemarne@festivaldemarne.org,1986,23mins
LES POLES D'ART SAVOIR DU PRESENT,Le Kremlin-Bicêtre,Education,"artistic residency-Give artists a place of work <br/>inside companies, with the support <br/>of local authorities. Pôles d’Art are <br/>intended as new, temporary and transient <br/>cultural facilities for contemporary art",3 rue du Général Leclerc – 94270 Le Kremelin-Bicêtre,Métro 7 : Le Kremlin-Bicêtre,01 46 71 69 61 – savoiraupresent@wanadoo.fr,1981,26mins
ARTURAS,Le Vésinet,Design,Design graphique / Design textile / Lumière,"6 rue Sully<br/>78110 Le Vésinet",,0139766581. Arturas@arturass.com. http://www.arturass.com,2007,41mins
THEATRE DU VESINET,Le Vésinet,"Spectacle Vivant, Musique, Cinema",,"59 Boulevard Carnot, 78110",RER A :  Le Vésinet Centre (à 20 minutes de Charles de Gaulle – Etoile) → Prendre la sortie rue du Général Clavery,(0)1.30.15.66.01 – info.cinema@vesinet.org ou info.theatre@vesinet.org +33 (0)1.30.15.66.00,n/a,46mins
FABRIQUE PHANTOM,Les Lilas,Cinema,"Structure d’accompagnement et de diffusion d'oeuvre filmique (film d'artistes, cinéma expérimental, etc.). Partenaire de l'Espace Khiasma.","9 rue Jules David<br/>93260 Les Lilas",Métro 11: Porte des lilas,www.phantom-productions.org,2012,27mins
LE TRITON,Les Lilas,"Musique, Arts Visuels","d'offrir aux musiciens un lieu dont la qualité de l'accueil et la performance technique permettent de conjuguer création, diffusion, enregistrement public et production phonographique.","11 bis, rue du Coq Français <br/>93260 Les Lilas","Méro 11 : Mairie des Lilas; ou Bus 96, 61, 170, 115, 249 jusqu'à la Porte des Lilas, <br/>puis prendre les 105 ou 129 jusqu'à la Mairie des Lilas","01 49 72 83 13<br/>contact@letriton.com",1999,22mins
ESPACE KHIASMA,Les Lillas,"Arts Visuels, Spectacle Vivant, Workshops","Centre d'art contemporain à la programme très pointue et engagée. Rencontre et débats citoyens. Performance, workshops, etc. Coordonne divers évenèments d'envergure métropolitaine.",15 rue Chassagnolle 93260 Les Lilas,Métro 5 : Porte ou Mairie des Lilas; Tram T3 : station Adrienne Bolland,"01 43 60 69 72<br/>info@khiasma.net www.khiasma.net/",,28mins
ESPACE CULTUREL BORIS-VIAN,Les Ulis,Spectacle vivante,"A cultural center associated to the city of Ulis,","Rue des Millepertuis<br/>91940 Les Ulis",RER  B : Orsay-ville;  Bus 3 : Ulis - Passerelle d'automne.,01 69 29 34 91,more than 20years old,45mins
L'ESCALE,Levallois,Arts Visuels,Centre culturel,"25 rue de la Gare, 92300, Levallois",Métro 3 :  Anatole France,"http://www.ville-levallois.fr/culture/127-2/  accueilescale@ville-levallois.fr<br/>• Info :        01 47 15 74 56",N/A,51mins
Ô RESTAURANT,Levallois Perret,Fooding,"The menu, which features delicious dishes prepared using fine, top-quality ingredients","47, quai Michelet - Levallois-Perret",Métro 3 : Pont de Levallois Bécon,www.orestaurant.fr 01 41 34 32 86,n/a,42mins
LE BAROCCO,Levallois-Perret,Fooding,Cuisine méditérannéenne,"Hôtel Evergreen Laurel<br/>8, place Georges Pompidou - Levallois-Perret",Métro 3 : Pont de Levallois - Bécon,www.baroccorestaurant.fr reservation@baroccorestaurant.fr,n/a,29mins
LE PETIT POUCET,Levallois-Perret,Fooding,French contemporary elaborated by chef Eric Chatellard with fresh produce daily from the market.,"Ile de La Jatte -4, rond-point Claude Monet - Levallois-Perret",Métro 3 : Pont de Levallois-Becon,"01 47 38 61 85<br/>Mail : info@le-petitpoucet.net  http://www.le-petit-poucet.com/",1901 +restaurant since 1990),45mins
EVERSIM,Lognes,Innovation,Studio de jeux vidéo,"13, place des Libertés Publiques<br/>77185 Lognes",RER A :  Lognes,"info@eversim.com<br/>http://www.eversim.com",2004,43mins
BAHO,Longjumeau,"Spectacle vivant, Musique","Concerts, évènements","7 : Rue de Verdun, 91160 Longjumeau","RER B : Massy-Palaiseau + Bus 199 depuis Massy-Palaiseau / RER direction La Rocade-Lycee<br/>jusqu’à Hopital de Longjumeau",http://bahos.fr/,2006,1h14mins
ARTÉVIE,Lorrez-le-Bocage,Arts Visuels,"A contemporary art gallery helping its vistitors to look,create and interact with contemporary art in a new facet.","14, rue des fontaines<br/>77710 Lorrez-le-Bocage","A6 sortie Nº16 (Nemours)<br/>A5 sortie Nº18 (Varennes sur Seine)<br/>A19 sortie Nº1 (Sens)","01.64.31.47.35, domifa7@hotmail.fr http://www.espace-artevie.fr/",2004,34mins
AVEC VOUS DESIGN,Louveciennes,Design,"Architecture commerciale, Développement produits, Scénographie","12 rue georges blandon, 78430<br/>Louveciennes",Train SCNF L (Gare Saint Lazare) : ,139187648  claire@avecvousdesign.com http://www.avecvousdesign.com,2009,N/A
FILE 7- SMAC DU VAL D'EUROPE,Magny-Le-Hongre,Musique,Un espace dédié aux musiques actuelles,4 rue des Labours 77700 MAGNY LE HONGRE,RER A : Marne la Vallée Chessy puis Bus 34 (3 arrêts) :Moulin à Vent,01 60 43 66 12 http://www.file7.com/,1996,N/A
DEUXIEME GROUPE D'INTERVENTION,Malakoff,Spectacle Vivant,"Creating artistical situations for, with and within the public space, while researching and elaborating a multi-disciplinary language.","27 rue Voltaire, 92240 Malakoff",Métro 4 : Mairie de Montrouge,luzpittaluga@deuxiemegroupe.org         http://www.deuxiemegroupe.org 06 30 95 77 31,1995,32mins
FABRICA'SON- THEATRE 71,Malakoff,"Musique, Spectacle Vivant","la promotion du jazz et des musiques improvisées,","28 rue Victor Hugo, 92240 MALAKOFF,",Métro 13 : Malakoff-Plateau de Vanves,"01.55.48.06.36, email :  communication@fabrica-son.com http://www.fabrica-son.org/",2002,35 min
LES ÉDITIONS VOLUMIQUES,Malakoff,Innovation,"is a studio inventing, designing and developing new Games and Toys, focusing on the relationship between the tangible and digital.","46, avenue Pierre Brossolette<br/>92240 Malakoff / France",Métro 4 : Mairie de Montrouge,news@volumique.com http://volumique.com/,2009,33mins
MAISON DES ARTS DE MALAKOFF,Malakoff,Arts Visuels,artistic center which also offeres residences to artists,"105 Avenue du 12 Février 1934, 92240 Malakoff","Métro 13 : Malakoff - Plateau de Vanves / Métro 4 : Porte d’Orléans + bus 194 ou 295 / Vélib’ : Station n°22404, avenue Pierre Brossolette / Autolib’ : Station Malakoff/Gabriel Péri/120 ou Montrouge/Jean Jaurès/ 51",01 47 35 96 94 http://maisondesarts.malakoff.fr/ maisondesarts(at)ville-malakoff.Fr,1993,36mins
CAMAC,Marnay-sur-Seine,Education,artistic residency with partnership with UNESCO combining art-science and technology providing a retreat for artists while also reviving the small town of marnay sur seine,"1 Grande Rue, 10400 Marnay-sur-Seine",Train SNCF (Gare de l'Est),www.camac.org/ 03 25 39 20 61,,N/A
PAUL B,Massy,Education,centre culturelle,"6, allée du Québec <br/>91300 Massy","RER A : Massy Verrières puis 15 minutes à pied, <br/>ou arrêt « Les Baconnets », puis prendre le bus 119, arrêt Hélène Boucher (dernier RER vers Paris : minuit); Noctilien en direction de Paris-centre.","él. 01 69 75 12 80 Fax 01 69 20 82 08<br/>contact@paul-b.fr www.paul-b.fr",1988,51mins
NOMADIC SOLUTIONS,Melun,Innovation,"designs and distributes a range of connected mobile solutions, to enable professionals to optimize their profitability, improve and rethink the use of mobility of people, vehicles and goods, ensuring reliability, responsiveness and technical agility.",1015 rue du Maréchal Juin - 77000  MELUN,Train depuis Melun jusqu’à Curie Pascal,01 60 59 04 55  info@nomadicsolutions.biz http://www.nomadicsolutions.biz/,2003,1h33
ALEXANDRE MORONNOZ,Montreuil,Design,space/object design,"67 rue de Paris<br/>93100 Montreuil",Metro 1 : Berault,"06 63 41 58 34<br/>contact@moronnoz.com<br/>www.moronnoz.com",2009,34 mins
ANUMAN INTERACTIVE,Montreuil,Innovation,A thriving French multimedia publishing company on the latest technological platforms!,66 rue Marceau - 93100 Montreuil,Metro 9 : Robespierre / Métro 1 : Saint Mande,"http://www.anuman.fr/ Email standard : info anuman.fr",2000,29mins
ATELIER JES,Montreuil,Design,"design studio [jes] collaborates constantly with artists, designers, graphic designers and architects.","69, rue Victor Hugo<br/>93100 Montreuil",Metro 9 : Mairie de Montreuil,http://www.atelier-jes.com  01 43 60 78 81 atelierjes@gmail.com,1998,45mins
BIG WHEELS STUDIO,Montreuil,Innovation,Audio – Localisation,27 ter rue du Progrès - 93100 Montreuil,Metro 1 : Saint Mande,"http://www.big-wheels.fr/site/ <br/>contact@big-wheels.fr",1990,28mins
CAFE LA PECHE,Montreuil,"Musique, Spectacle Vivant, Education","Café La Pêche  est un lieu artistique, culturel et de citoyenneté, destiné aux jeunes montreuillois et ouvert à un large public.","16, rue Pépin 93100 Montreuil","Metro 9 : Mairie de Montreuil<br/>/ Bus 121 ou 102 : Cimetière",Tél : 01 56 63 07 20 lapeche@montreuil.fr http://www.lapechecafe.com/,1994,49mins
116 CENTRE D'ART CONTEMPORAIN DE MONTREUIL,Montreuil,Arts Visuels,Centre d'Art contemporain créé en 2013.,"116, rue de Paris, 93100 Montreuil",Metro 9 : Robespierre,http://www.le116-montreuil.fr/,2013,31mins
E NEKO,Montreuil,Innovation,Video games exclusively for consoles and PC.,"38, rue de la République 93100 Montreuil",Metro 9 : Robespierre / Metro 1 - Saint Mande,"http://www.e-neko.com/?lang=en  +33 (0)1 4287 1890<br/>contact@e-neko.com",1999,29mins
F93,Montreuil,Innovation,"is a cultural centre. It seeks to build bridges between the general public, the sciences and technical and industrial innovation, restoring the relationship between the world of research and society at large","70 rue Douy Delcupe, 93100 Montreuil",Métro 1 : Berault,01 49 88 66 33 ww.f93.fr,2008,35mins
FLOC PRODUCTION MULTIMEDIA,Montreuil,Innovation,Développement et édition de jeux vidéo éducatifs (reconnus d’intérêt pédagogique par le ministère de l’Education),26 rue de la Fédération - 93100 Montreuil,Metro 9 : Croix de chavaux,"http://www.floc-multimedia.com/ <br/>contact@floc-multimedia.com",2005,33mins
FOCUS HOME INTERACTIVE,Montreuil,"Innovation, Jeux Video",Editeur indépendant,100 av du Gal Leclerc - 93692 Pantin cedex,Metro 9 : Robespierre,http://www.focus-home.com/,1996,32mins
HETIC,Montreuil,Education,"L'univers d'internet évolue sans cesse depuis plus de 10 ans, HETIC anticipe et propose un enseignement polyvalent de qualité en 5 ans qui s’adapte à l’évolution du marché des métiers de l'internet.","27 bis, rue du Progrès<br/>93100 Montreuil",Metro 1 : Saint Mande,01.41.72.77.71 http://www.hetic.net/ contact@hetic.net,2002,28mins
ICH&KAR,Montreuil,Design,"A graphic design atelier which makes and sells their own unique pieces from; plates, book, stickets, notebooks",51 rue du sergent Godefroy – 93100 Montreuil,RER A : Vincennes,studio@ichetkar.fr www.ichetkar.fr,,30mins
ICI MONTREUIL,Montreuil,"Design, Arts Visuels, Métier d'Art, Innovation","A collaborative incubator which works towards helping artists,artisans and designers to develop their work.There is also a collaborative workspace which can be rented out and also a restaurant.","135, bd Chanzy, 93100 Montreuil",Métro 9 : Robespierre,nicolas@madeinmontreuil.com 33 (6) 81 21 94 32,2012,33mins
INNELEC,Montreuil,Innovation,Distributeur de jeux video,"45, rue Delizy - 93692 Pantin",RER E : ,http://www.innelec.com,1983,29mins
INSTANTS CHAVIRES,Montreuil,"Musique, Arts Visuels","un lieu de diffusion pensé comme un laboratoire des musiques improvisées, expérimentales, bruitistes.","7 Rue Richard Lenoir, 93100 Montreuil",Métro 9 : Robespierre,http://www.instantschavires.com/ 01 42 87 25 91,1991,29mins
KNOWTEX,Montreuil,Innovation,"Knowtex is a community which explores the research advances, industrial design and technological innovations.",,,,2009,
L'ATELIER COLECTIF,Montreuil,Design,Collectif design,69 rue Parmentier 93100 Montreuil,Métro 9 : Croix-de-Chavaux (Jacques Duclos),T. 09 53 48 90 33 — F. 09 58 48 90 33 contact@lateliercollectif.org,n/a,31 mins
LUMIERE DES ROSES,Montreuil,"Arts Visuels, Photographie",An photography gallery which works around showcasing found photographs of unknown photographers,"12-14 rue Jean-Jacques Rousseau<br/>93100 Montreuil",RER A :  Vincennes or Line 9- Robespierre,"tel : +33 (0) 1 48 70 02 02<br/>Email : contact@lumieredesroses.com http://www.lumieredesroses.com",2004,24mins
MAISON POPULAIRE,Montreuil,"Arts Visuels, Spectacle Vivant, Musique, Education",une association d’éducation populaire,"9 bis rue Dombasle<br/>Montreuil<br/>93100",Métro 9 : Mairie de Montreuil,01.42.87.08.68 www.maisonpop.fr,1995,35mins
MICROIDS,Montreuil,Innovation,"Producteur et éditeur de jeux vidéo, spécialisé dans les jeux d'aventure",66 rue Marceau - 93100 Montreuil,Métro 9 : Robespierre ou Métro 1 :  Saint Mande,"http://www.microids.com/ <br/>contact@microids.com",1992,25mins
NOUVEAU THEATRE MONTREUIL,Montreuil,Spectacle Vivant,"Is a national public theater (Centre Dramatique National), whose mission is to produce and make circulate performances with contemporary aesthetics.","10, place Jean-Jaurès<br/>93100 Montreuil et 63, rue Victor Hugo<br/>93100 Montreuil",Métro 9 : Mairie de Montreuil,www.nouveau-theatre-montreuil.com 01 48 70 48 90 contact@nouveau-theatre-montreuil.com,2011,28mins
OOBLADA,Montreuil,"Innovation, Jeux Video","Editeur de jeux sociaux. Notre premier succès, Treasure Madness a lancé dès 2009 le genre 'Chasse aux trésors' sur Facebook.","4, rue Cuvier<br/>93100 Montreuil sous Bois<br/>France",Métro 1 : Berault or Métro 9 : Robespierre,"Tel: +33 (0)1 42 87 72 94<br/>contact@ooblada.com http://ooblada.com/",2000,25mins
REMI FONTAINE,Montreuil,Design,Design lumière et produit,"37 bis rue lebour<br/>93100 Montreuil",Métro 1 : Sainte Mande,06 14 01 32 44  http://www.remifontaine.fr,2007,30mins
SALAMATANE,Montreuil,Arts Visuels,Espace culturel et social autogéré,119 bis rue de Paris 93100 Montreuil,Métro 9 : Robespierre,http://salamatane.blogspot.fr/,N/A,27mins
SHOOT THE BOSS,Montreuil,Innovation,"Animation, effets spéciaux","45 ter, rue de la Révolution- 93100 Montreuil",Métro 9 : Robespierre,http://www.shoottheboss.com,2005,32mins
TETRAEDGE,Montreuil,"Innovation, Jeux Video",Spécialisé dans les jeux sur mobiles.,66 rue Marceau - 93100 Montreuil,Métro 9 : Robespierre or Métro 1 : Saint Mande,info@tetraedge.com,2002,25mins
UBISOFT,Montreuil,"Innovation, Jeux Video",Créateur de très nombreux jeux vidéo,"28 Rue Armand Carrel, 93100 Montreuil",Métro 1 : Saint Mande,01 48 18 50 00 https://www.ubisoftgroup.com/en-US/index.aspx,1986,28mins
UFO (Urban Fabric Organisation),Montreuil,"Innovation, Jeux Video","a start-up from the realm of architecture and urbanism, is taking over the digital culture and the suggestive power of video games to challenge human and environmental issues of a world moving into cities","2, rue M. Berthelot<br/>93100 Montreuil",Métro 9 : Croix de chavaux,http://urbanfab.org/ 06 20 80 92 60 hello@urbanfab.org,2010,34mins
UMAPS COMMUNICATION,Montreuil,Innovation,"We promote a responsible mediation between technological innovators (laboratories, entrepreneurs, industries), stakeholders (decision-makers, media, partners) and clients.","104-112, Avenue de la Résistance<br/>93100 Montreuil",Métro 9 : Mairie de Montreuil,http://en.umaps.fr/,N/A,38mins
SALON DE MONTROUGE,Montrouge,Arts Visuels,Manifestation de référence consacrée à la promotion des artistes émergents,"Le Beffroi, 2 Place Emile Cresp,<br/>92120 Montrouge",Métro 4 : Station Mairie de Montoruge; Métro 13 : Station Châtillon-Montrouge,"Commissariat artistique du Salon de Montrouge :<br/>Stéphane Corréard",1955,23mins
MOTS BUEE,multiple locations,"Spectacle Vivant, Education",festival dedicated to the poetry of words,"10 different locations in; Champs sur marne,croissy beauborg,émerainville,lognes,noisel,torcy",multiple locations,motsbuee@valmaubuee.fr www.valmaubuee.fr/festival/‎,2010,DEPENDS ON LOCATION.
PARCOURS-EST,Multiple locations,Arts Visuels,Shuttle service to access vernissages in the banlieu,N/A,N/A,http://www.parcours-est.com/ resa@parcours-est.com,2010,N/A
CYANIDE STUDIO,Nanterre,"Innovation, Jeux Video",Studio de jeux vidéo,"3, boulevard des Bouvets<br/>92000 Nanterre",RER A : Nanterre Prefrecture,"contactcyanide-studio.com<br/>http://www.cyanide-studio.com",2000,31mins
LA FERME DU BONHEUR,Nanterre,"Spectacle Vivant, Musique, Cinéma","est une cellule de recherche et de réflexion sur l’Homme et la Terre qui utilise la culture sous toutes ses formes (théâtre, musique, danse, arts plastiques, cinéma…)",220 Avenue De La République 92000 Nanterre,RER A : Nanterre Université (sortie 1).,http://lafermedubonheur.over-blog.net/ contact@lafermedubonheur.fr,1993,34mins
LA GALERIE MUNICIPALE VILLA DES TOURELLES,Nanterre,Arts Visuels,GALLERIE -Centre d’art contemporain,9 Rue des Anciennes Mairies 92000 Nanterre,RER A : Nanterre Ville,"01 41 37 52 06<br/>arts.plastiques@mairie-nanterre.fr http://www.nanterre.fr/311-la-galerie-municipale-villa-des-tourelles.htm",,34mins
LES ARÈNES DE NANTERRE,Nanterre,"Spectacle Vivant, Education",cirque,220 Avenue de la République 92000 Nanterre,RER A : Nanterre- Universitaire,01 47 21 76 56 http://www.nanterre.fr/530-les-arenes-de-nanterre.htm,1974,34mins
LES MARMITES ARTISTIQUES,Nanterre,Spectacle Vivant,Festival pluridisciplinaire organisé par l'association étudiante Hypothemuse,"200 av de la République, bât D, bureau 212b 92000 Nanterre",RER A : Nanterre Université. Bus : Ligne N53,http://lesmarmitesartistiques.wordpress.com/ progmarmites@gmail.com,2005,34mins
NANTERRE SUR SCENE,Nanterre,Spectacle Vivant,Festival,"200 Avenue de la République, 92000 Nanterre",RER A : Nanterre Université,"fest.nanterresurscene@gmail.com<br/>01 40 97 70 00 http://nanterresurscene.u-paris10.fr/",2010,36mins
THEATRE DES AMANDIERS NANTERRE,Nanterre,Spectacle Vivant,Théatre d'envergure métropolitaine,"7, avenue Pablo Picasso 92000 Nanterre","Metro 1 : la defense; RER A : Nanterre Prefecture; BUS 160, 159, 163 et aussi Navette gratitute",01 46 14 70 00 www.nanterre-amandiers.com,1965,35mins
ATELIERS ARTISTES DE NEUILLY,Neuilly-sur- Seine,Arts Visuels,,"167, av Charles de Gaulle, 92200, Neuilly-sur-Seine",,http://www.neuillysurseine.fr/culture dac@ville-neuillysurseine.fr 01 55 62 61 22,,24mins
CAFÉ DE LA JATTE,Neuilly-sur- Seine,Fooding,"A restaurant hidden on the island of Jatte in Neuilly, specializing in fine Italian cuisine.","Ile de la Jatte – 60, bd Vital Bouhot<br/>92200 Neuilly-Sur-Seine",Métro 3 : Pont de Levallois Becon,(Reservations) Carole 01 47 45 04 20 http://cafejatte.com/ reservations@cafejatte.com,1980's,38mins
LA GUINGUETTE,Neuilly-sur- Seine,Fooding,Cuisine Française,"12, boulevard Georges Seurat, Neuilly-sur-Seine",Métro 1 : Pont de Neuilly,01 46 24 25 04 info@laguinguette.net www.la-guinguette-de-neuilly.com,1997,39mins
LE VILLAGE A NEUILLY,Neuilly-sur- Seine,Fooding,A chic brasserie with a marriage between the traditional and modern,"175 avenue Charles de gaulle, 92200 Neuilly-Sur-Seine",Métro 1 : M° Pont de Neuilly,http://villageneuilly.com/,1961,23mins
BALT'ART,Nogent-sur-Marne,Arts Visuels,SALON,"12 avenue Victor Hugo<br/>94130 Nogent sur Marne","RER A : Nogent sur Marne; Ligne 114 Depuis Chateau de Vincennes – Direction Le Raincy-Villemomble-Montfermeil; RER jusqu’à Place du General Leclerc<br/>(10 mn)",http://www.baltart-art.eu/,,
MAISON D'ART BERNARD ANTHONIOZ,Nogent-sur-Marne,Arts Visuels,Lieu d’exposition dédié à la création contemporaine,"16 Rue Charles VII, 94130 Nogent-sur-Marne","RER A : Nogent sur Marne puis bus N°114 ou 210;<br/>RER E : Nogent Le Perreux, 10 minutes à pied direction centre ville  (rue Charles de Gaulle) puis descendre boulevard Gallieni;<br/>Métro 1 : Chateau de Vincennes puis bus N°114 ou 210","01 48 71 90 07<br/>maison-dart-bernard-anthonioz@wanadoo.fr<br/>www.ma-bernardanthonioz.com/",,44mins
DIGITAL MEDIA SOLUTIONS,Noisiel,Innovation,"Digital Media Solutions is specialized in the conception, the manufacturing and the commercialization of 2D and 3D audio solutions, for the cinema, Hi-Fi, V.I.P Home Cinema , Television and Music industries.","45 Grande Allée du 12 Février 1934, 77186 Noisiel",RER E : Noisel,"45 Grande Allée du 12 Février 1934<br/>77186 Noisiel - France Mail : infos@dms-cinema.com<br/>Tel : +33 (0)1 80 81 52 40",,
LA FERME DU BUISSON,Noisiel,"Spectacle Vivant, Musique, Cinema, Arts Visuels","Véritable hub créatif d'envergure métropolitaine proposant un large programme d'exposition d'art contemporain, théâtre, danse, cirque, cinéma, rencontres, résidences, etc.","Scène nationale de Marne-la-Vallée <br/>Allée de la Ferme <br/>77 186 Noisiel",RER E : Noisel,"01 64 62 77 00 <br/>contact@lafermedubuisson.com<br/>www.lafermedubuisson.com",N/A,44MINS
LA GALERIE CENTRE D'ART CONTEMPORAIN DE NOISY-LE SEC,Noisy-le-Sec,Arts Visuels,centre d’art contemporain et lieu de résidence pour des artistes et des commissaires d'exposition étrangers. Membre du réseau Tram,"1 RUE JEAN-JAURÈS <br/>93130 NOISY-LE-SEC",RER E : Noisy le sec,"TEL : +33 (0)1 49 42 67 17<br/>MAIL : LAGALERIE@NOISYLESEC.FR<br/>http://www.noisylesec.net/index.php?id_rub=galerie&id_com=262",,38mins
OPOSITO,Noisy-le-Sec,Spectacle Vivant,"Oposito provokes new encounters, oves weaving new ties, mixing people and genres. It upholds its will to carry on telling cities the stories they have taken the risk to co-write.","53, rue de Merlan<br/>93130 Noisy-le-Sec FRANCE",RER E : Noisy le Sec,http://www.oposito.fr/ (0)1 48 02 80 96,1983,39mins
CENTRE CULTUREL ARAGON-TRIOLET,Orly,"Musique, Cinema, Spectacle Vivant","Le centre culturel propose une programmation éclectique en théâtre, cinéma, danse, musique, variétés et spectacles destinés au jeune public ; une action culturelle forte.","1 Place du Fer à Cheval, 94310 Orly",RER C : Orly Ville,01 48 90 24 20 http://www.centre-culturel-orly.fr/ reservations@centre-culturel-orly.fr,,
INVENTEURS DU MONDE NUMÉRIQUE,Palaiseau,Innovation,A public science and technology institution dedicated to computational sciences and research,"1 rue Honoré d'Estienne d'Orves<br/>Bâtiment Alan Turing<br/>Campus de l'École Polytechnique<br/>91120 Palaiseau","RER B : Massy Palaiseau, puis prendre le bus 91-06 (B ou C)",http://www.inria.fr/,1967,34mins
BANLIEUES BLEUES,Pantin,Musique,"Banlieues Bleues soutient et accompagne la création et la diffusion de concerts de musique vivante et innovante,","9 Rue Gabrielle Josserand, 93500 Pantin",Métro 5 : Aubervilliers - Pantin 4 chemins,http://www.banlieuesbleues.org/,1988,32mins
CENTRE NATIONAL DE LA DANSE PANTIN / ÎLE-DE-FRANCE,Pantin,Spectacle vivant,Le Centre national de la danse s’adresse à l’ensemble des acteurs du secteur chorégraphique du spectacle vivant.,"1, rue Victor-Hugo<br/>93500 Pantin","Métro 5 : Hoche;<br/>RER E : Pantin; Bus 170 et 151 : Centre national de la Danse;<br/>ou Tram T3b : Delphine Seyrig et Ella Fitzgerald - Grands Moulins de Pantin",01 41 83 27 27 http://www.cnd.fr,1998,25mins
FOCUS HOME INTERACTIVE,Pantin,"Innovation, Jeux Video",Editeur de jeux vidéo,"100, avenue du Général Leclerc<br/>93692 Pantin Cedex",RER E- Pantin,"01 48 10 59 69 edition@focus-home.com<br/>http://www.focus-home.com",1996,27mins
HERMES,Pantin,"Design, Métiers d'Arts","Atelier de création de la prestigieuse scellerie, et résidence d'artiste (voir le Petit H)",12 Rue Auger  93500 Pantin,ligne 5; hoche,01 49 42 87 42 www.hermes.com/‎,1992,28mins
LA DYNAMO DE BANLIEUES BLEUES/FESTIVAL UMLAUT : PETER ABLINGER,Pantin,Festival,"A music festival organized by Umlaut records which is based in Paris, Stockholm and Berlin.","La dynamo de banlieues bleues<br/>9 Rue Gabrielle Josserand - 93500 Pantin",Métro 7-: Aubervilliers Pantin (4 chemin),http://93.agendaculturel.fr/festival/festival-umlaut-peter-ablinger.html,2010,31mins
LA MAISON REVEL,Pantin,"Design, Metiers d'art","Provides financial, professional and promotional support to artisans in Pantin and in the Seine-Saint-Denis département, offering advice on management, accounting and business development, plus exhibitions, workshop visits and lectures.","56, av. Jean-Jaurès 93500 Pantin",Métro 7 : Aubervilliers-Pantin-Quatre Chemins,,2008,
LA MENUISERIE,Pantin,"Spectacle vivant, Musique",La Menuiserie est un petit théâtre de poc,77 rue Jules Auffret 93500 Pantin,"Métro 11: Mairie des Lilas; Métro 5 : Église de Pantin;<br/>bus 61 arrêt Jean Jaurès ou bus 249 arrêt les Pommiers;<br/>station vélib au niveau du bus 61 arrêt Jean Jaurès",www.lamenuiserie.org info@lamenuiserie.org,,30mins
LEMON TRI,Pantin,Innovation,Lemon tri est une jeune startup dans le domaine du développement durable. Nous proposons aux entreprises et établissements secondaires un service de tri sélectif innovant et incitatif.,24 rue Davoust 93500 Pantin,"RER E : Pantin; Métro 7 <br/>Station AUBERVILLIERS<br/>PANTIN 4 CHEMINS Tram. T3b<br/>Station ELLA FITZGERALD<br/>Grands Moulins de Pantin",www.lemontri.fr/ info@lemontri.fr 01 48 43 87 37,2010,28mins
STUDIO BRICHETZIEGLER,Pantin,Design,"Seeking to make the exchange and discussion at the center of their research, they created an open space for reflection that allows them to approach projects with a new ambition and poetry",27 avenue Jean Jaurès 93300 Aubervilliers,Aubervilliers-Pantin-Quatre Chemins,http://www.studiobrichetziegler.com/ contact@brichetziegler.com,2010,31mins
THADDAEUS ROPAC,Pantin,Arts Visuels,Galerie d'Art contemporain parisienne et autrichienne ayant investi une ancienne fabrique à Pantin. Artistes d'envergure internationale. Café agréable.,"69, avenue du Général Leclerc 93500 Pantin",RER E- direction Chelles ou Villiers sur Marne Metro station eglise de pantin,www.ropac.net Communications Laura Bertaux laura@ropac.net,,32mins
WORLD TRADE+TECHNOLOGIES,Pantin,"Innovation, Jeux Video",Distributeur de jeux vidéo,"34, rue des Grilles - 93500 Pantin",Line 5- Hoche,http://www.wtt-france.com/,1989,32mins
XANDRIE,Pantin,"Innovation, Jeux Video",Distributeur de jeux vidéo,"5, rue Delizy<br/>93692 Pantin",Line 5- Eglise de Pantin,http://allbrary.fr/,2012,30mins
JAZZ SESSION-LA MEZZANINE,Pierrelaye,Musique,"Un concert gratuit suivi d'une jazz session, tous les jeudis à Pierrelaye","42 bis, rue Victor Hugo 95480 Pierrelaye",RER C et la ligne SNCF Paris-Nord / Pontoise.,06 16 06 09 38  http://jazz-session.org/ jazzsession@sfr.fr,almost 20 years,1h11mins
L'APOSTROPHE- THEATRE DES LOUVRAIS,Pointoise,Spectacle Vivant,Organize the diffusions and artistic confrontation between artistic forms inspiring their contemporary creation.,"Place de la Paix, 95300 Pontoise","RER A Direction Cergy-le-Haut<br/>arrêt en gare de Cergy-Préfecture<br/>prendre le bus n°42 quai B, direction Victor Hugo",01 34 20 14 14  accueil@lapostrophe.net Billetterie  01 34 20 14 14 / Administration  01 34 20 14 25,1960,1h20
CENTRE PHOTOGRAPHIQUE D'ILE DE FRANCE,Pontault-Combault,Arts Visuels,"Intéresse à la recherche, la production et la diffusion de projets artistiques liés à la photographie contemporaine","07 Avenue République  77340 Pontault-<br/>Combault",RER E : Emerainville - Pontault-Combault ; RER A Direction Marne-la-Vallée - Chessy.  Bus : 206,"01 70 05 49 80<br/>contact@cpif.net<br/>http://www.cpif.net/",,53mins
LES SALAISONS,Romainville,Arts Visuels,"les artistes contemporains, pour la création et l'exposition.","25 avenue du Président Wilson <br/>93230 Romainville","Bus 105 depuis Mairie des Lilas<br/>direction Mairie des Pavillons-Sous-Bois<br/>jusqu’à Liberte",www.salaisons.org,,29mins
ECOLE D'ARTS DE RUEIL-MALMAISON SYNAPSE,Rueil-Malmaison,Education,artistic residency with partnership,"3 rue du prince Eugène<br/>92500 rueil-malmaison",RER A- La Défense then the bus 258,http://www.earueil.com/ 01 55 47 14 80 cnap.fr (residency)t. 33 (0)1 55 47 14 80,,52mins
GALERIE MATTHIEU DUBUC,Rueil-Malmaison,Arts Visuels,art contemporain,"10-12 rue du Maréchal Foch<br/>92 500 Rueil Malmaison",RER A Rueil Malmaison,(0)1 47 08 22 16 contact@maisondesmuses.com http://www.maisondesmuses.com/,2008,42mins
PUCE MUSE,Rungis,Innovation,"As a hosting centre, PUCE MUSE welcomes musicians, researchers, composers, and artists interested in M3V. As a place for transmission, PUCE MUSE trains musicians and graphic designers to use the Meta-Mallette, it assists professionals in getting inter-generation groups to perform with music and visuals together.","2, rue des Pyrénées, SILIC 520 / Wissous<br/>94623 Rungis",Rungis - La Fraternelle,01.45.12.04.50 contact@pucemuse.com http://www.pucemuse.com/ http://facebook.com/pucemuse,NA/,44mins
ANIMAKT,Saulx-les-Chartreux,Arts Visuels,Supporting artists by providing them with a space to create.,1 Rue du Lieutenant Emile Fontaine 91160 Saulx-les-Chartreux,RER B Massy-Palaiseau,http://www.animakt.fr/ 01 64 48 71 01 // contact@animakt.fr,1999,
FESTIVAL ORANGERIE,Sceaux,Musique,A summer musical festival created in response to an absence of programmation of musical activities during the summer in Paris.,"8 Avenue Claude Perrault, 92330",RER B - Bourg-la-Reine,http://www.festival-orangerie.fr/ contact@festival-orangerie.fr 01 46 60 00 11,1969,25mins
LES GEMEAUX,Sceaux,Spectacle Vivant,"Les Gémeaux produisent ou coproduisent nombre de spectacles pour la plupart inédits en France ou en région parisienne, beaucoup d’entre eux y sont des créations.Festival Les Rendez-Vous Chorégraphiques.","49, avenue Georges Clemenceau, 92330 Sceaux","RER B, Direction Robinson,<br/>Saint-Rémy-lès-Chevreuse ou Massy-Palaiseau. Station : Bourg-la-Reine.",http://www.lesgemeaux.com/ Administration : 01 46 60 05 64,1994,39mins
FESTIVAL DES RÊVEURS ÉVEILLÉS,Sevran,Arts Visuels,A festival dedicated for children between the ages of 3-6 years old.Showcasing contemproary art made for kids.,"Salle des fêtes, 9 rue Gabriél-Péri",RER B - Sevran-Livry,http://www.ville-sevran.fr/festival-des-reveurs-eveilles-2013,1991,39mins
LA GÉNÉRALE EN MANUFACTURE,Sevres,Arts Visuels,"Communauté artistique qui s'intéresse à l'art et aux études politiques, aux pratiques de la ville et à l'urbanisme, et plus largement aux pratiques critiques, et à la part d'indéfini qui devient une possibilité d'expérimentation.","6, grande rue<br/>Sèvres<br/>92310<br/>France","Métro ligne 9 - Station Pont de Sèvres<br/>Tramway ligne T2 - Arrêt Musée de Sèvres",N/A,2008,44mins
LE SEL SEVRES,Sevres,"Cinema,Spectacle Vivant, Education",A cultural space which provides movie viewings and also live theater and dance performances.,"47 Grande Rue<br/>92310 Sèvres","Métro 9 - Pont de Sèvres.<br/>Bus // 171 ou 26 Traverciel, arrêt Mairie de Sèvres.<br/>Train // Gare Montparnasse, arrêt Sèvres Rive Gauche. <br/>.............Gare Saint Lazare, arrêt de Sèvres - Ville d’Avray<br/>Tram // Val de Seine : arrêt Musée de Sèvres",www.sel-sevres.org 01 41 14 32 32 sel@sel-sevres.org,n/a,40mins
STRATE COLLEGE,Sevres,Education,a private industrial design university,"27 avenue de la division Leclerc, 92310 Sèvres","SNCF Montparnasse : Station : Bellevue<br/>- METRO : line 9, Station : Pont de sèvres<br/>- TRAM : T2, Val de seine- la Défense, station : Musée de Sèvres or Brimborion",www.stratecollege.fr info@stratecollege.fr 0 1 46 42 88 77,1993,49mins
PEPINIERES EUROPEENNES POUR JEUNES ARTISTES,St Cloud,"Arts Visuels, Cinema",The Pépinières program focuses on contemporary artistic movements and is intended for emerging artists in all disciplines.,"BP 80132<br/>Domaine national de Saint-Cloud<br/>92216 St Cloud",,www.art4eu.net/+33 (0)1 41 12 29 33   info@art4eu.net,,34mins
QUAI OUEST,St Cloud,Fooding,A floating restaurant has an open air deck so that you can enjoy sunny weather to the full.,1200 quai Marcel Dassault - Saint-Cloud,(T2 Les Milons) ou RER Issy-Val de Seine,quaiouestrestaurant92@gmail.com http://www.quai-ouest-restaurant.com/ 01 46 02 35 54,1993,44mins
ROCK EN SEINE,St Cloud,Musique,FESTIVAL,Domaine national de Saint-Cloud,"LIGNE 10 : Gare d’Austerlitz / Boulogne – Pont de St Cloud.<br/>Stop : Boulogne – Pont de St-Cloud",contact@rockenseine.com www.rockenseine.com,,34mins<br/>6B,St Denis,"Musique, Arts Visuels, Spectacle Vivant, Innovation, Design","lieu de création<br/>et de diffusion",6 - 10 quai de Seine 93 200 Saint-Denis,RER D-station St.denis Metro ligne 13 Tramway n.1 bus: no 154 et 237,"01 70 06 02 64<br/>info@le6b.org Président / Julien /  julien@le6b.fr Communication / Myriam / communication@le6b.fr",,40mins
BANQUE DU MIEL,St Denis,Innovation,An artistic project which has grown into other parts of Europe. Placing the bee as a new indicator of the richness of its surrounding environment. A project which mixes art with the fabrication of honey.,"25, rue Roland Vachette<br/>93200 - SAINT-DENIS",Line 13-St.Denis Porte de Paris,"www.banquedumiel.org  01 42 35 84 34<br/>E-mail > contact@banquedumiel.org",2009,42mins
CAFÉ CULTUREL,St Denis,Spectacle Vivant,Structure entièrement tournée vers la création et la promotion des cultures urbaines.,"La Fabrik<br/>15 rue Gisquet<br/>93200 Saint Denis","Gare de Saint-Denis (RER D, Ligne H)<br/>Tramway 1 Station Théâtre Gérard Philipe",01 42 43 96 11  info@cafeculturel.org,1998,34mins
CITE DU CINEMA,St Denis,Cinema,un lieu entièrement dédié a la creation du cinéma,20 rue ampère 93200 Saint Denis,,N/A,2012,33mins
COCHENKO,St Denis,"Education, Spectacle Vivant","le Cochenko explore différents espaces en intervenant avec les habitants sur la place publique, lieu de vie et de rencontre, afin de construire des «utopies ordinaires».","4 bis rue Roland Vachette <br/>93200 Saint-Denis",Ligne 13- St.Denis-Porte de Paris,"http://www.cochenko.fr/ <br/>collectif@cochenko.fr<br/>09.54.37.54.09",2007,38mins
LA BRICHE,St Denis,Metiers d'art,Ateliers de créateurs et constructeurs,65 rue Paul Eluard 93200 St Denis,,"brichons@gmail.com<br/>http://bricheforaine.wordpress.com",,35mins
LE LABEX ARTS-H2H,St Denis,Innovation,"Le Labex Arts-H2H se propose d’articuler les recherches en arts (cinéma, arts plastiques, musique, théâtre, danse, littérature, photographie, nouvelles technologies...)","2 rue de la Liberté<br/>93526 St Denis",Line 13-Saint-Denis-Universite,"http://www.labex-arts-h2h.fr/artsh2h@univ-paris8.fr<br/>01 49 40 73 30",N/A,33mins
LE TRANSFO,St Denis,"Musique, Spectacle Vivant, Arts Visuels, Education ","Squat artistique, salle de concert, salle de réunion, espace enfant, espace peinture et banderoles, une cantine et un ciné tournés vers les habitants du quartier, un labo photo, un infokiosque, une bibliothèque technique, un atelier de métallerie, un magasin gratuit","57 avenue de la République, St Denis",Métro Gallieni,www.transfo.squat.net 06 72 53 02 40.,nov. 2012.,50mins
LEDEN,St Denis,Innovation,Orienter les activités de recherche vers les besoins des établissements culturels et éducatifs et des institutions chargées de la diffusion des fonds patrimoniaux,"Maison des Sciences de l’Homme Paris Nord 4 rue de la Croix-Faron<br/>93210 La Plaine saint-Denis",Line 13-Saint-Denis-Universite,contact@leden.org http://leden.org/  01 55 93 93 04,,33mins
LINKFLUENCE FRANCE,St Denis,Innovation,"Social Media Intelligence = capture, sort, analyze, represent social data to create value.","Tour Pleyel<br/>153 Boulevard Anatole France<br/>93200 Saint-Denis",RER B- La Plaine-Stade de France,http://linkfluence.com/,2006,44mins
MUSEE D'ART ET HISTOIRE,St Denis,Musee et Patrimoine,Archéologie et céramiques médiévales. Souvenirs de l'ancien Carmel et de Madame Louise de France. Commune de Paris.,"22 bis rue Gabriel-Péri <br/>93200 Saint-Denis",Saint-Denis - Porte de Paris (13),www.musee-saint-denis.fr,,
PARTI POETIQUE,St Denis,Innovation,"A collection of artists,thinkers and doers united around the thematic question of bees and their surrounding environment.",N/A,N/A,http://www.parti-poetique.org/ contact@parti-poetique.org,N/A,
PLAINE COMMUNE,St Denis,Innovation,"Working on urban large-scale projects, project structuring transport and urban renewal programs promoting the development of urban communitties since its inception.",21 avenue Jules-Rimet Saint Denis,RER B-La Plaine-Stade de France,01 55 93 55 55 http://www.plainecommune.fr/,2003,
SYNESTHESIE,St Denis,"Arts Visuels, Innovation, Education","Galerie d’art virtuel, Revue des arts numériques. ","1 ter Place du Caquet<br/>93200 Saint-Denis","Métro 13 : arrêt Basilique de Saint-Denis<br/>Tram T1 : arrêt basilique Saint-Denis<br/>Bus : 153, 253, arrêt basilique Saint-Denis / Hôtel de ville","01 40 10 80 78<br/>communication@synesthesie.com<br/>www.synesthesie.com",,34mins
T3D MEDICAL,St Denis,Innovation,Present in the electronic sector as well as researching and developing new projects.,"78/80 avenue du Président Wilson<br/>93214 Saint Denis La Plaine",Line 12: Front Popularie,www.t3dmedical.com 0 1 48 20 83 18,2011,30mins
THEATRE GERARD PHILIPE,St Denis,"Spectacle vivant, Musique",theatre,59 bd Jules Guesde - 93207 Saint-Denis cedex,"SNCF H- Saint Denis, Line 13- Saint Denis Basilique, RER D Creil/ Station Saint Denis",http://www.theatregerardphilipe.com/tgp-cdn/ 01 48 13 70 00,1960,35mins
UNIVERSITY PARIS 8,St Denis,"Education, Innovation","psychoanalysis, urban planning, geopolitics, cinema, plastic arts, gender studies, etc.",2 rue de la Liberté - 93526 Saint-Denis,"Ligne 13, Châtillon Montrouge - St-Denis Université, arrêt St-Denis Université  Ligne 1, St-Denis RER/SNCF - Noisy-le-Sec RER, arrêt Marché de St-Denis puis bus 255, arrêt St-Denis Université ou arrêt St-Denis Basilique, puis métro ligne 13, arrêt St-Denis Université<br/>Ligne de Paris-Nord, arrêt Gare de St-Denis, correspondanceavec la ligne d’autobus 255, arrêt St-Denis Université<br/>RER ligne D, Melun/Malesherbes - Orry-la-Ville, arrêt Garede St-Denis, correspondance avec la ligne d’autobus 255, arrêt St-Denis Université",http://www.univ-paris8.fr/ +33(0)1 49 40 67 89,1968,35mins
UNVERSITY PARIS 8,St Denis,Education,"To this day, Université Paris 8 has always insisted on maintaining a strong link between research and teaching, adapting teaching methods to different kinds of audiences, and providing education for all at every stage of life.",2 rue de la Liberté - 93526 Saint-Denis,Line 13- Saint Denis Universite,http://www.univ-paris8.fr/ 33(0)1 49 40 67 89,1969 but 1980(St.Denis),37mins
BRASSERIE DU THEATRE,St Germain-en-Laye,Fooding,French cuisine (brasserie),"13/19 rue de la Salle <br/>78100 SAINT GERMAIN EN LAYE",Station Saint-Germain en Laye (RER A),http://brasseriedutheatre-78100.com/  01 30 61 28 00,1989,48mins
MAINS D'OEUVRES,St Ouen,"Musique, Spectacle Vivant, Arts Visuels,  Education","Centre dédié aux cultures alternatives : Concerts, Performance, Festival, Artistes et Association en résidences",1 rue Charles Garnier - 93400 Saint-Ouen,"M° Porte de Clignancourt (4) ou Garilbaldi (13), Bus 85, Vélib (rue Blanqui)",http://www.mainsdoeuvres.org/article1947.html,,
FABRIQUE DES IMPOSSIBLES,St Ouen,Education,Association promouvant et formant aux pratiques artistiques collaboratives et citoyennes.,1 rue Charles Garnier - 93400 Saint-Ouen,"M° Porte de Clignancourt (4) ou Garilbaldi (13), Bus 85, Vélib (rue Blanqui)",http://www.mainsdoeuvres.org/article1947.html,,
FESTIVAL DES PUCES,St Ouen,Musique,jazz music festival,,Gare de Villepinte jusqu'a Tennis,www.festivaldespuces.com,,51mins
ATLAS,St Ouen,Innovation,centre municipal de culture scientifique,7 rue de l’Union st.ouen,"métro : ligne 13, direction Saint-Denis, station Mairie de Saint-Ouen<br/>bus : ligne 85, terminus Mairie de Saint-Ouen et ligne 166, arrêt rue de l’Union",http://atlas93.wordpress.com/  01 71 86 63 40,,31mins
ESPACE 1789,St Ouen,"Cinema, Spectacle Vivant, Education",lieu de création et de diffusion artistique,"4/6 rue Alexandre Bachelet<br/>93400 –Saint-Ouen",Line 4; Porte de clingancourt,http://www.espace-1789.com/,,40mins
LE CHÂTEAU,St Ouen,Arts Visuels,Le Château présente des expositions monographiques,12 rue Albert Dhalenne 93400 Saint-Ouen,"En métro<br/>- ligne 13, station Garibaldi<br/>puis 5 minutes à pied<br/>- ligne 4, station Pte de Clignancourt, puis bus 85<br/>En bus<br/>ligne 85 ou 187 arrêt Ernest-Renan<br/>En RER<br/>ligne C station Saint-Ouen puis bus 173 ou 174 {Mairie de Saint-Ouen}",http://www.saint-ouen.fr/sorties-et-loisirs/culture/lieux-culturels/espaces-d-expositions/ 01 49 48 95 25,1989,1h04
MAINS D'OEUVRE,St Ouen,"Arts Visuels, Spectacle Vivant, Musique, Education","Lieu de création et de diffusion, de recherche et d’expérience destiné à accueillir des artistes de toutes disciplines, des démarches associatives et citoyennes,","1, rue Charles Garnier - 93400 Saint-Ouen",metro: ligne 13 or 4 bus 85 ou noctilien 14 velib,www.mainsdoeuvres.org 01 40 11 25 25 info@mainsdoeuvres.org,2005,33mins
ABBAYE DE MAUBUISSON,St Ouen-l'Aumône,Arts Visuels,site d'art contemporain,"Rue Richard-de-Tour<br/>Saint-Ouen-l'Aumône<br/>95310","REC C > direction Pontoise > descendre à la gare de Saint-Ouen-l'Aumône (après Saint-Ouen-l'Aumône/Liesse) puis marcher 10 mn à pied en suivant la rue Guy-Sourcis Depuis Cergy-Pontoise, bus 56, 57, 58 ou 34 sud > <br/>arrêt mairie de Saint-Ouen-l'Aumône puis marcher 10 mn à pied en suivant la rue Guy-Sourcis",00 33 (0)1 34 64 36 10 www.valdoise.fr abbaye.maubuisson@valdoise.fr,1987,1h04
THEATRE DE SAINT-QUENTIN-EN-YVELINES,St Quentin,"Musique, Spectacle Vivant","Le Théâtre de Saint- Quentin-en-Yvelines, Scène nationale est un des lieux de diffusion et de création artistique majeurs de la région parisienne.","Place Georges Pompidou - CS 80317<br/>78054 Saint Quentin en Yvelines Cedex","RER Ligne C, arrêt gare de Saint-Quentin-en-Yvelines.Depuis la gare Montparnasse (ligne Montparnasse-Rambouillet). Arrêt gare de Saint-Quentin-en-Yvelines.<br/>Depuis La Défense (ligne La Défense-La Verrière). Arrêt gare de Saint-Quentin-en-Yvelines.","http://www.theatresqy.org/ 01 30 96 99 00 administration tél. : 01 30 96 99 30<br/>Mail:administration@tsqy.org<br/>accueil billetterie Tél. : 01 30 96 99 00 Mail : accueil@tsqy.org",1960,1h10mins
STUDIO THEATRE DE STAINS,Stains,Spectacle Vivant,,"19, rue Carnot<br/>93240 Stains","Navette<br/>Une navette aller-retour gratuite est à disposition les soirs de représentation Ligne 13 Station Saint-Denis Université puis Bus 253 ou 255 Direction Stains, arrêt Mairie de Stains. Ligne D, arrêt Pierrefitte/Stains puis bus 150, arrêt Mairie de Stains<br/>Ligne B, arrêt La Courneuve puis bus 150, arrêt Mairie de Stains",www.studiotheatrestains.fr/‎ 01 48 23 06 61,1984,
THEATRE DE SURESNES,Suresnes,Spectacle Vivant,,"16 Place Stalingrad, 92150 Suresnes","Navette gratuite* Paris – Suresnes – Paris<br/>De Paris à Suresnes<br/>• départ de la navette : 45 mn précises avant l’heure de la représentation, à l’angle de l’avenue Hoche et de la place Charles de Gaulle-Etoile, à proximité du métro et du RER (pour une représentation à 21h, départ de la navette à 20h15).<br/>• arrêt à Suresnes : arrêt du bus bd Henri Sellier, pour les Suresnois et les usagers du Tram (Val-de-Seine, gare Suresnes-Longchamp), 25 mn précises avant l’heure de la représentation. <br/>NB : la navette du Théâtre ne fonctionne ni pour les spectacles Jeune Public, ni pour les rencontres autour des spectacles (répétitions publiques…)",01 46 97 98 10 www.theatre-suresnes.fr/‎,1938 nouveau thatre était inaugree en 1990.,47mins
CENTRE CULTUREL DE TAVERNY,Taverny,"Arts Visuels, Education",centre culturel,191 rue de Paris 95150 Taverny,,"01.39.60.42.49<br/>mlc.taverny@free.fr   http://www.ville-taverny.fr/fr/sortir-loisirs/culture/le-centre-culturel",,1hr 06mins
RHIZOME,Torcy,"Arts Visuels, Spectacle Vivant, Education",Pôle d'arts plastiques et visuels de la MJC. Il a pour mission de rendre accessible les arts plastiques et visuels et plus largement l’art contemporain.,"Ferme du Couvent - 22 rue du Couvent, 77200 Torcy, France","Prendre la ligne A Direction Chessy / Marne la Vallée<br/>Descendre à la station ""Torcy"", puis Prendre le bus 220 (arrêt Mairie / Place de l'Eglise) puis 5 min. de marche. Ou , prendre le bus 421 (arrêt Clos / Ferme du Couvent)",01 60 05 14 69 – Courriel : rhizomemjc@gmail.com http://www.rhizome.fr/,n/a,42mins
THEATRAL DU VAL D'OISE,Val D'oise,Spectacle Vivant,organisateur du Drolatic! Festival,Dans de nombreuses villes du Val D'oise ( 41 villes du département),depending on location and event,01 34 20 01 08        festivaltheatralduvaldoise@yahoo.fr - www.thea-valdoise-public.org/,1983,N/A
ARMADILLO,Vanves,innovation,specializes in the creating structures for databases.,"46 bis, rue de la République<br/>92 170 Vanves","Métro 12 : Arrêt Corentin Celton<br/>Bus 189 : Arrêt République (direction Clamart Pompidou)<br/>Bus 126 : Arrêt Maréchal Delattre de Tassigny (direction porte d’Orléans)",http://armadillo.fr/ 01 46 62 03 26 contact@armadillo.fr,1988,40mins
L'ASSOCIATION ŒUVRE PARTICIPATIVE,Vanves,Arts Visuels,"""Œuvre ensemble"" évoque une certaine idée de l’art, un art qui invite ceux qui le souhaitent à participer à l'oeuvre.",43 rue Henri Martin 92170 Vanves,LIGNES 13 Malakoff Plateau de Vanves,01 46 38 99 82 ou 06 80 46 63 58,2010,36mins
THEATRE DE VANVES,Vanves,"Spectacle Vivant, Cinema, Musique, Education","Véritable tremplin reconnu pour la jeune création contemporaine en théâtre, danse et musique. Deux salles à 8mn à pied l'une de l'autre. Festival Ardanthé.",Théâtre: 12 rue Sadi Carnot - 92170 Vanves. Salle Panopée : 11 avenue Jézéquel - 92170 Vanves.,"Métro ligne 13 : Malakoff - Plateau de Vanves (puis 8 mn à pied), Métro 12 : Corentin-Celton (puis 8 mn à pied)<br/>Bus 58 : Lycée Michelet<br/>Bus 89 : Square de l'Insurrection<br/>Bus 126 : Mairie de Vanves - Centre administratif<br/>Bus 189 : Place du Maréchal-De-Lattre-de-Tassigny - N62 (Noctambus) : Mairie de Vanves - Centre administratif (après 23h30)<br/>Train Gare SNCF Vanves-Malakoff (4mn depuis Montparnasse)<br/>Vélib – Autolib",www.theatre-vanves.fr,,PANOPÉE- 36mins Theatre-40mins
ART SCIENCE FACTORY,VARIOUS LOCATIONS,"Innovation, Arts Visuels",Biennale,20
LOCATIONS WITHIN ESSONNE,depending on location and event,www.lasciencedelart.info,1999,DEPENDS ON LOCATION.
ATMOSPHERE FESTIVAL,Various locations,Festival,The sole objective of this festival is to present for free to the biggest public possible a vision of a future durable world expressed through various mediums of art.,"Cinéma Abel Gance-184 Bd St Denis - 92400 Courbevoie or Espace Carpeaux<br/>15 Boulevard Aristide Briand<br/>92400 Courbevoie Also takes places at La Defense",SNCF L- Becon les bruyeres,www.atmospheresfestival.com ,2010,33mins
FESTIVAL AFRICOLOR,Various Locations,"Musique, Cinema",Festival,"various locations; Université Paris 13,",N/A,www.africolor.com,2009,N/A
JAZZ EN BOUCLE,Various locations,"Musique, Cinema",Festival,various locations,n/a,33 (0) 1 48 89 99 10 33 (0) 1 48 89 22 11 http://www.jazzenboucle.com/,2008,N/A
TRACE,Various locations in the Hauts-de-Seine,"Musique, Arts Visuels",It is not just a festival but a space and event to highlight the musical creativity happening in Hauts-de-Seine,various locations,various locations,www.reseau92.com/trace,2000,N/A
FESTIVAL CINEBANLIEUE,Various Locations; Porte des lilas/ Aubervilliers/ St Denis,Cinema,Festival,"99, avenue JB Clément, 93430 Villetaneuse",Porte des lilas/Ligne 11/Aubervilliers Quatre-chemins/Ligne 7/Basilique de Saint-Denis/Ligne 13,www.cinebanlieue.org,2006,20mins
SONS D'HIVER,"Various Locations; Vincennes, Rungis, Vitry-sur-seine, Choisy-le-roi, Arcueil..",Musique,festival du musique dans val-de-marne,various locations from,various locations,www.sonsdhiver.org,1991,N/A
FESTIVAL MÉTIS,Various locations/Saint Denis,Festival,A festival which takes place to raise awareness of present projects through; soundpainting and masterclasses. Providing a showcase for different artists and locations,Multiple locations,Multiple locations,www.metis-plainecommune.com 01 48 13 12 10,2004,N/A
L'ONDE,Vélizy-Villacoublay,"Spectacle Vivant, Arts Visuels",centre d’art contemporain et theatre,"8 Avenue Louis Breguet, 78140 Vélizy-Villacoublay","RER C  - arrêt Chaville-Vélizy. <br/>Puis 10 min, bus cvj ou czi - direction Vélizy, arrêt Robert Wagner                                      Navette gratuite au départ de Concorde les soirs de vernissage et de créations. service de covoiturage de Vélizy-Villacoublay","01 34 58 03 35<br/>www.londe.fr",2003,41mins
BULKYPIX,Versailles,"Innovation, Jeux Video",Editeur de jeux vidéo,"6, avenue de Sceaux<br/>78000 Versailles",RER C- Versailles Rive Gauche,"http://www.bulkypix.com  01 34 65 93 34<br/>contact@bulkypix.com",2008,51mins
ECOLE NATIONALE SUPERIEURE D'ARCHITECTURE DE VERSAILLE,Versailles,Education,"Its primary goal is to train architects<br/>capable of exercising a range of<br/>professional practices and ready to<br/>accomplish new assignments in order to<br/>meet the ecological and sociological<br/>intricacies of the surrounding world.","5 avenue de Sceaux<br/>78006 Versailles",RER C : gare de Versailles-Rive Gauche,00 33 (0)1 39 07 40 00 http://www.versailles.archi.fr/,1969,54mins
ECOLE NATIONALE SUPERIEURE DE PAYSAGE,Versailles,Education,Elle forme des concepteurs en paysage intervenant aussi bien sur les parcs et jardins que sur les grands territoires et les espaces publics urbains ou ruraux.,"10, rue du Maréchal Joffre 78000 Versailles <br/>",RER C : gare de Versailles-Rive Gauche,"Email: b.blanchon@versailles.ecole-paysage.fr <br/>Website:www.versailles.ecole-paysage.fr <br/>Contact Person: Bernadette Blanchon-Caillot",1976,59mins
ISIPCA,Versailles,Education,"ISIPCA has become nationally and internationally recognized for its vocational courses and research in Perfumery, Cosmetics and Food Flavours.","34/36 Rue du Parc de Clagny<br/>78000 Versailles, France",SNCF La Maye,http://www.isipca.fr/,1970,56mins
LA MARECHALERIE,Versailles,Arts Visuels,Centre d'Art contemporain attaché à l'Ecole d'Architecture. Membre du réseau Tram.,"5 avenue de Sceaux<br/>78000 Versailles","RER C: Versailles - Rive Gauche Gare de Versailles rive droite Gare de Versailles Chantiers Autobus 171 en provenance du Pont <br/>de Sèvres",01.39.07.40.27 lamarechalerie.versailles.archi.fr/,,51mins
ESPACE SORANO,Vincennes,"Musique, Spectacle Vivant, Arts Visuels,  Education",espace multi-disciplinaire,"16, rue Charles Pathé<br/>94300 VINCENNES","RER A : Vincennes<br/>Métro Ligne 1 : Bérault, Château de Vincennes<br/>BUS : 46, 56, 112, 114, 115, 118, 124, 210, 215, 318, 325","Tél : 01 43 74 73 74<br/>www.espacesorano.com<br/>info@espacesorano.com",n/a,25 min
PRIX HENRI LANGLOIS,Vincennes,Cinema,film festival,"1-15 rue Raymond du Temple, 94300 Vincennes",Line 1; Chateau de Vincennes,"www.prixhenrilanglois.org, 33 (1) 43 98 27 37 mb.p@wanadoo.fr",2006,23mins
GALERIE MUNICIPALE JEAN COLLET,Vitry sur seine,Arts Visuels,un lieu d’expositions d’art contemporain.,"59 avenue Guy-Moquet<br/>94400 Vitry-sur-Seine",RER C vitry sur seine then take the bus 180 arrêt Église,"01 43 91 15 33<br/>galerie.municipale(at)mairie-vitry94.fr<br/>http://galerie.vitry94.fr/",N/A,41mins
MACVAL,Vitry sur seine,Arts Visuels,Vaste musée d’art contemporain,"Place de la Libération<br/>94404 Vitry-sur-Seine","Ligne 7 (dir. Mairie d’Ivry) ou tramway T3, arrêt Porte de Choisy. Puis bus 183, arrêt MAC/VAL.<br/>Ligne 7 (dir. Villejuif) arrêt terminus. Puis bus 180 (dir. Charenton-Ecole) ou bus 172 (vers Créteil-Echat), arrêt MAC/VAL.<br/>Ligne 8 (dir. Créteil-Préfecture) arrêt Liberté. Puis bus 180 (dir. Villejuif), arrêt MAC/VAL.<br/>RER C : gare de Vitry / Seine. Puis bus 180 (dir. Villejuif/Louis aragon), arrêt MAC/VAL.<br/>RER D : gare de Maisons-Alfort / Alfortville. Puis bus 172 (dir. Bourg-la-Reine RER), arrêt Henri de Vilmorin.","01 43 91 64 20<br/>contact@macval.fr www.macval.fr/","November 17, 2005.",43mins
